[{"model": "admin.logentry", "pk": 1, "fields": {"action_time": "2026-04-05T16:09:41.487Z", "user": 1, "content_type": 8, "object_id": "1", "object_repr": "Pranav - Test 1", "action_flag": 3, "change_message": ""}}, {"model": "admin.logentry", "pk": 2, "fields": {"action_time": "2026-04-05T16:10:01.382Z", "user": 1, "content_type": 8, "object_id": "16", "object_repr": "Pranav - Test 3", "action_flag": 3, "change_message": ""}}, {"model": "admin.logentry", "pk": 3, "fields": {"action_time": "2026-04-05T16:10:01.383Z", "user": 1, "content_type": 8, "object_id": "15", "object_repr": "KOWSHIK K - Test 1", "action_flag": 3, "change_message": ""}}, {"model": "admin.logentry", "pk": 4, "fields": {"action_time": "2026-04-05T16:10:01.383Z", "user": 1, "content_type": 8, "object_id": "14", "object_repr": "Pranav - Test 1", "action_flag": 3, "change_message": ""}}, {"model": "admin.logentry", "pk": 5, "fields": {"action_time": "2026-04-05T16:10:01.383Z", "user": 1, "content_type": 8, "object_id": "13", "object_repr": "Pranav - Test 2", "action_flag": 3, "change_message": ""}}, {"model": "admin.logentry", "pk": 6, "fields": {"action_time": "2026-04-05T16:10:01.383Z", "user": 1, "content_type": 8, "object_id": "12", "object_repr": "KOWSHIK K - Test 2", "action_flag": 3, "change_message": ""}}, {"model": "admin.logentry", "pk": 7, "fields": {"action_time": "2026-04-05T16:10:01.383Z", "user": 1, "content_type": 8, "object_id": "11", "object_repr": "KOWSHIK K - Test 1", "action_flag": 3, "change_message": ""}}, {"model": "admin.logentry", "pk": 8, "fields": {"action_time": "2026-04-05T16:10:01.383Z", "user": 1, "content_type": 8, "object_id": "10", "object_repr": "Pranav - Test 1", "action_flag": 3, "change_message": ""}}, {"model": "admin.logentry", "pk": 9, "fields": {"action_time": "2026-04-05T16:10:01.383Z", "user": 1, "content_type": 8, "object_id": "9", "object_repr": "MAX - Test 6", "action_flag": 3, "change_message": ""}}, {"model": "admin.logentry", "pk": 10, "fields": {"action_time": "2026-04-05T16:10:01.383Z", "user": 1, "content_type": 8, "object_id": "8", "object_repr": "MAX - Test 1", "action_flag": 3, "change_message": ""}}, {"model": "admin.logentry", "pk": 11, "fields": {"action_time": "2026-04-05T16:10:01.383Z", "user": 1, "content_type": 8, "object_id": "7", "object_repr": "MAX - Test 5", "action_flag": 3, "change_message": ""}}, {"model": "admin.logentry", "pk": 12, "fields": {"action_time": "2026-04-05T16:10:01.383Z", "user": 1, "content_type": 8, "object_id": "6", "object_repr": "MAX - test 4", "action_flag": 3, "change_message": ""}}, {"model": "admin.logentry", "pk": 13, "fields": {"action_time": "2026-04-05T16:10:01.383Z", "user": 1, "content_type": 8, "object_id": "5", "object_repr": "MAX - Test 3", "action_flag": 3, "change_message": ""}}, {"model": "admin.logentry", "pk": 14, "fields": {"action_time": "2026-04-05T16:10:01.383Z", "user": 1, "content_type": 8, "object_id": "4", "object_repr": "MAX - test 3", "action_flag": 3, "change_message": ""}}, {"model": "admin.logentry", "pk": 15, "fields": {"action_time": "2026-04-05T16:10:01.383Z", "user": 1, "content_type": 8, "object_id": "3", "object_repr": "MAX - Test 2", "action_flag": 3, "change_message": ""}}, {"model": "admin.logentry", "pk": 16, "fields": {"action_time": "2026-04-05T16:10:01.383Z", "user": 1, "content_type": 8, "object_id": "2", "object_repr": "MAX - Test 1", "action_flag": 3, "change_message": ""}}, {"model": "auth.permission", "pk": 1, "fields": {"name": "Can add log entry", "content_type": 1, "codename": "add_logentry"}}, {"model": "auth.permission", "pk": 2, "fields": {"name": "Can change log entry", "content_type": 1, "codename": "change_logentry"}}, {"model": "auth.permission", "pk": 3, "fields": {"name": "Can delete log entry", "content_type": 1, "codename": "delete_logentry"}}, {"model": "auth.permission", "pk": 4, "fields": {"name": "Can view log entry", "content_type": 1, "codename": "view_logentry"}}, {"model": "auth.permission", "pk": 5, "fields": {"name": "Can add permission", "content_type": 3, "codename": "add_permission"}}, {"model": "auth.permission", "pk": 6, "fields": {"name": "Can change permission", "content_type": 3, "codename": "change_permission"}}, {"model": "auth.permission", "pk": 7, "fields": {"name": "Can delete permission", "content_type": 3, "codename": "delete_permission"}}, {"model": "auth.permission", "pk": 8, "fields": {"name": "Can view permission", "content_type": 3, "codename": "view_permission"}}, {"model": "auth.permission", "pk": 9, "fields": {"name": "Can add group", "content_type": 2, "codename": "add_group"}}, {"model": "auth.permission", "pk": 10, "fields": {"name": "Can change group", "content_type": 2, "codename": "change_group"}}, {"model": "auth.permission", "pk": 11, "fields": {"name": "Can delete group", "content_type": 2, "codename": "delete_group"}}, {"model": "auth.permission", "pk": 12, "fields": {"name": "Can view group", "content_type": 2, "codename": "view_group"}}, {"model": "auth.permission", "pk": 13, "fields": {"name": "Can add user", "content_type": 4, "codename": "add_user"}}, {"model": "auth.permission", "pk": 14, "fields": {"name": "Can change user", "content_type": 4, "codename": "change_user"}}, {"model": "auth.permission", "pk": 15, "fields": {"name": "Can delete user", "content_type": 4, "codename": "delete_user"}}, {"model": "auth.permission", "pk": 16, "fields": {"name": "Can view user", "content_type": 4, "codename": "view_user"}}, {"model": "auth.permission", "pk": 17, "fields": {"name": "Can add content type", "content_type": 5, "codename": "add_contenttype"}}, {"model": "auth.permission", "pk": 18, "fields": {"name": "Can change content type", "content_type": 5, "codename": "change_contenttype"}}, {"model": "auth.permission", "pk": 19, "fields": {"name": "Can delete content type", "content_type": 5, "codename": "delete_contenttype"}}, {"model": "auth.permission", "pk": 20, "fields": {"name": "Can view content type", "content_type": 5, "codename": "view_contenttype"}}, {"model": "auth.permission", "pk": 21, "fields": {"name": "Can add session", "content_type": 6, "codename": "add_session"}}, {"model": "auth.permission", "pk": 22, "fields": {"name": "Can change session", "content_type": 6, "codename": "change_session"}}, {"model": "auth.permission", "pk": 23, "fields": {"name": "Can delete session", "content_type": 6, "codename": "delete_session"}}, {"model": "auth.permission", "pk": 24, "fields": {"name": "Can view session", "content_type": 6, "codename": "view_session"}}, {"model": "auth.permission", "pk": 25, "fields": {"name": "Can add student", "content_type": 7, "codename": "add_student"}}, {"model": "auth.permission", "pk": 26, "fields": {"name": "Can change student", "content_type": 7, "codename": "change_student"}}, {"model": "auth.permission", "pk": 27, "fields": {"name": "Can delete student", "content_type": 7, "codename": "delete_student"}}, {"model": "auth.permission", "pk": 28, "fields": {"name": "Can view student", "content_type": 7, "codename": "view_student"}}, {"model": "auth.permission", "pk": 29, "fields": {"name": "Can add test mark", "content_type": 8, "codename": "add_testmark"}}, {"model": "auth.permission", "pk": 30, "fields": {"name": "Can change test mark", "content_type": 8, "codename": "change_testmark"}}, {"model": "auth.permission", "pk": 31, "fields": {"name": "Can delete test mark", "content_type": 8, "codename": "delete_testmark"}}, {"model": "auth.permission", "pk": 32, "fields": {"name": "Can view test mark", "content_type": 8, "codename": "view_testmark"}}, {"model": "auth.permission", "pk": 33, "fields": {"name": "Can add attendance", "content_type": 9, "codename": "add_attendance"}}, {"model": "auth.permission", "pk": 34, "fields": {"name": "Can change attendance", "content_type": 9, "codename": "change_attendance"}}, {"model": "auth.permission", "pk": 35, "fields": {"name": "Can delete attendance", "content_type": 9, "codename": "delete_attendance"}}, {"model": "auth.permission", "pk": 36, "fields": {"name": "Can view attendance", "content_type": 9, "codename": "view_attendance"}}, {"model": "auth.permission", "pk": 37, "fields": {"name": "Can add subject", "content_type": 10, "codename": "add_subject"}}, {"model": "auth.permission", "pk": 38, "fields": {"name": "Can change subject", "content_type": 10, "codename": "change_subject"}}, {"model": "auth.permission", "pk": 39, "fields": {"name": "Can delete subject", "content_type": 10, "codename": "delete_subject"}}, {"model": "auth.permission", "pk": 40, "fields": {"name": "Can view subject", "content_type": 10, "codename": "view_subject"}}, {"model": "auth.permission", "pk": 41, "fields": {"name": "Can add upcoming test", "content_type": 11, "codename": "add_upcomingtest"}}, {"model": "auth.permission", "pk": 42, "fields": {"name": "Can change upcoming test", "content_type": 11, "codename": "change_upcomingtest"}}, {"model": "auth.permission", "pk": 43, "fields": {"name": "Can delete upcoming test", "content_type": 11, "codename": "delete_upcomingtest"}}, {"model": "auth.permission", "pk": 44, "fields": {"name": "Can view upcoming test", "content_type": 11, "codename": "view_upcomingtest"}}, {"model": "auth.permission", "pk": 45, "fields": {"name": "Can add notification", "content_type": 12, "codename": "add_notification"}}, {"model": "auth.permission", "pk": 46, "fields": {"name": "Can change notification", "content_type": 12, "codename": "change_notification"}}, {"model": "auth.permission", "pk": 47, "fields": {"name": "Can delete notification", "content_type": 12, "codename": "delete_notification"}}, {"model": "auth.permission", "pk": 48, "fields": {"name": "Can view notification", "content_type": 12, "codename": "view_notification"}}, {"model": "auth.permission", "pk": 49, "fields": {"name": "Can add admin credential", "content_type": 13, "codename": "add_admincredential"}}, {"model": "auth.permission", "pk": 50, "fields": {"name": "Can change admin credential", "content_type": 13, "codename": "change_admincredential"}}, {"model": "auth.permission", "pk": 51, "fields": {"name": "Can delete admin credential", "content_type": 13, "codename": "delete_admincredential"}}, {"model": "auth.permission", "pk": 52, "fields": {"name": "Can view admin credential", "content_type": 13, "codename": "view_admincredential"}}, {"model": "auth.permission", "pk": 53, "fields": {"name": "Can add teacher credential", "content_type": 14, "codename": "add_teachercredential"}}, {"model": "auth.permission", "pk": 54, "fields": {"name": "Can change teacher credential", "content_type": 14, "codename": "change_teachercredential"}}, {"model": "auth.permission", "pk": 55, "fields": {"name": "Can delete teacher credential", "content_type": 14, "codename": "delete_teachercredential"}}, {"model": "auth.permission", "pk": 56, "fields": {"name": "Can view teacher credential", "content_type": 14, "codename": "view_teachercredential"}}, {"model": "auth.permission", "pk": 57, "fields": {"name": "Can add teacher class", "content_type": 15, "codename": "add_teacherclass"}}, {"model": "auth.permission", "pk": 58, "fields": {"name": "Can change teacher class", "content_type": 15, "codename": "change_teacherclass"}}, {"model": "auth.permission", "pk": 59, "fields": {"name": "Can delete teacher class", "content_type": 15, "codename": "delete_teacherclass"}}, {"model": "auth.permission", "pk": 60, "fields": {"name": "Can view teacher class", "content_type": 15, "codename": "view_teacherclass"}}, {"model": "auth.permission", "pk": 61, "fields": {"name": "Can add test question", "content_type": 17, "codename": "add_testquestion"}}, {"model": "auth.permission", "pk": 62, "fields": {"name": "Can change test question", "content_type": 17, "codename": "change_testquestion"}}, {"model": "auth.permission", "pk": 63, "fields": {"name": "Can delete test question", "content_type": 17, "codename": "delete_testquestion"}}, {"model": "auth.permission", "pk": 64, "fields": {"name": "Can view test question", "content_type": 17, "codename": "view_testquestion"}}, {"model": "auth.permission", "pk": 65, "fields": {"name": "Can add student test response", "content_type": 16, "codename": "add_studenttestresponse"}}, {"model": "auth.permission", "pk": 66, "fields": {"name": "Can change student test response", "content_type": 16, "codename": "change_studenttestresponse"}}, {"model": "auth.permission", "pk": 67, "fields": {"name": "Can delete student test response", "content_type": 16, "codename": "delete_studenttestresponse"}}, {"model": "auth.permission", "pk": 68, "fields": {"name": "Can view student test response", "content_type": 16, "codename": "view_studenttestresponse"}}, {"model": "auth.permission", "pk": 69, "fields": {"name": "Can add test result", "content_type": 18, "codename": "add_testresult"}}, {"model": "auth.permission", "pk": 70, "fields": {"name": "Can change test result", "content_type": 18, "codename": "change_testresult"}}, {"model": "auth.permission", "pk": 71, "fields": {"name": "Can delete test result", "content_type": 18, "codename": "delete_testresult"}}, {"model": "auth.permission", "pk": 72, "fields": {"name": "Can view test result", "content_type": 18, "codename": "view_testresult"}}, {"model": "auth.permission", "pk": 73, "fields": {"name": "Can add test attempt", "content_type": 19, "codename": "add_testattempt"}}, {"model": "auth.permission", "pk": 74, "fields": {"name": "Can change test attempt", "content_type": 19, "codename": "change_testattempt"}}, {"model": "auth.permission", "pk": 75, "fields": {"name": "Can delete test attempt", "content_type": 19, "codename": "delete_testattempt"}}, {"model": "auth.permission", "pk": 76, "fields": {"name": "Can view test attempt", "content_type": 19, "codename": "view_testattempt"}}, {"model": "auth.permission", "pk": 77, "fields": {"name": "Can add ai analysis result", "content_type": 20, "codename": "add_aianalysisresult"}}, {"model": "auth.permission", "pk": 78, "fields": {"name": "Can change ai analysis result", "content_type": 20, "codename": "change_aianalysisresult"}}, {"model": "auth.permission", "pk": 79, "fields": {"name": "Can delete ai analysis result", "content_type": 20, "codename": "delete_aianalysisresult"}}, {"model": "auth.permission", "pk": 80, "fields": {"name": "Can view ai analysis result", "content_type": 20, "codename": "view_aianalysisresult"}}, {"model": "auth.user", "pk": 1, "fields": {"password": "pbkdf2_sha256$1200000$MNwpAElOimRzoLCanEs86U$cFyr4GYnEQkExzxBK20CGC/7lxTqa6RPMgH+35auTlM=", "last_login": "2026-04-05T16:09:15.149Z", "is_superuser": true, "username": "admin", "first_name": "", "last_name": "", "email": "", "is_staff": true, "is_active": true, "date_joined": "2026-03-11T06:12:25.175Z", "groups": [], "user_permissions": []}}, {"model": "contenttypes.contenttype", "pk": 1, "fields": {"app_label": "admin", "model": "logentry"}}, {"model": "contenttypes.contenttype", "pk": 2, "fields": {"app_label": "auth", "model": "group"}}, {"model": "contenttypes.contenttype", "pk": 3, "fields": {"app_label": "auth", "model": "permission"}}, {"model": "contenttypes.contenttype", "pk": 4, "fields": {"app_label": "auth", "model": "user"}}, {"model": "contenttypes.contenttype", "pk": 5, "fields": {"app_label": "contenttypes", "model": "contenttype"}}, {"model": "contenttypes.contenttype", "pk": 6, "fields": {"app_label": "sessions", "model": "session"}}, {"model": "contenttypes.contenttype", "pk": 7, "fields": {"app_label": "tracker", "model": "student"}}, {"model": "contenttypes.contenttype", "pk": 8, "fields": {"app_label": "tracker", "model": "testmark"}}, {"model": "contenttypes.contenttype", "pk": 9, "fields": {"app_label": "tracker", "model": "attendance"}}, {"model": "contenttypes.contenttype", "pk": 10, "fields": {"app_label": "tracker", "model": "subject"}}, {"model": "contenttypes.contenttype", "pk": 11, "fields": {"app_label": "tracker", "model": "upcomingtest"}}, {"model": "contenttypes.contenttype", "pk": 12, "fields": {"app_label": "tracker", "model": "notification"}}, {"model": "contenttypes.contenttype", "pk": 13, "fields": {"app_label": "tracker", "model": "admincredential"}}, {"model": "contenttypes.contenttype", "pk": 14, "fields": {"app_label": "tracker", "model": "teachercredential"}}, {"model": "contenttypes.contenttype", "pk": 15, "fields": {"app_label": "tracker", "model": "teacherclass"}}, {"model": "contenttypes.contenttype", "pk": 16, "fields": {"app_label": "tracker", "model": "studenttestresponse"}}, {"model": "contenttypes.contenttype", "pk": 17, "fields": {"app_label": "tracker", "model": "testquestion"}}, {"model": "contenttypes.contenttype", "pk": 18, "fields": {"app_label": "tracker", "model": "testresult"}}, {"model": "contenttypes.contenttype", "pk": 19, "fields": {"app_label": "tracker", "model": "testattempt"}}, {"model": "contenttypes.contenttype", "pk": 20, "fields": {"app_label": "tracker", "model": "aianalysisresult"}}, {"model": "sessions.session", "pk": "qhhhbygy3aid5gdu2gsq1kxc0muqgoyy", "fields": {"session_data": ".eJxVjEEOwiAQRe_C2hCoMC0u3fcMzcDMSNVAUtqV8e7apAvd_vfef6kJtzVPW-NlmkldlFWn3y1ienDZAd2x3KpOtazLHPWu6IM2PVbi5_Vw_w4ytvytJVKXmCFZATkTCQUGPwj62NneIBK43jEasElCMhicBe9DQIw0GFHvDya1OSY:1w9Q2F:ru4EIBZBup7vsgBj9X5NS4NQh_dF1cLI1e21h8jkqVE", "expire_date": "2026-04-19T16:09:15.159Z"}}, {"model": "sessions.session", "pk": "t41w3s8re8uufipj9iiuqedw0oge3phn", "fields": {"session_data": ".eJxVjEEOwiAQRe_C2hBAhhSX7j0DmWGmUjWQlHZlvLsh6UK3_7333yrhvpW0d1nTwuqirDr9boT5KXUAfmC9N51b3daF9FD0Qbu-NZbX9XD_Dgr2MmpASx5NsECeZXaGc3Q8RZZgYzTeoJcJiM4zuEAuG88eMmTigChOfb7w1jh4:1w0CpZ:1366wUTuH4BhepTcLTXsThSvCnCbJCnsofpSCP94nuw", "expire_date": "2026-03-25T06:14:05.454Z"}}, {"model": "tracker.student", "pk": 8, "fields": {"name": "MAX", "roll_number": "122", "student_number": "9653284651", "student_email": "max@gmail.com", "student_password": "pbkdf2_sha256$1200000$dKqysPaBOwuHI3AipFFnFZ$qJcid1MnQE33VFed6WMLcTZQ07/5XTFrNYkuc/WczaU=", "class_name": "Computer Science", "parent_number": "8753072524", "dob": "2004-07-21", "gender": "Female", "nationality": "India", "blood_group": "o-", "parent_name": "Alan", "parent_email": "ala87@gmail.com", "address": "ADC street\nIndia", "emergency_contact": "7797653579"}}, {"model": "tracker.student", "pk": 9, "fields": {"name": "Pranav", "roll_number": "142", "student_number": "9631256547", "student_email": "pranav@gmail.com", "student_password": "student-123", "class_name": "Electrical", "parent_number": "8796223211", "dob": "2010-10-02", "gender": "Male", "nationality": "IND", "blood_group": "O-", "parent_name": "Pranav", "parent_email": "pranav@gmail.com", "address": "123, mad street\nmadras", "emergency_contact": "9999900000"}}, {"model": "tracker.student", "pk": 10, "fields": {"name": "Maghan I O", "roll_number": "864", "student_number": "8635282634", "student_email": "maghan@gmail.com", "student_password": "student-123", "class_name": "Civil", "parent_number": "9432657861", "dob": "2012-02-29", "gender": "Male", "nationality": "India", "blood_group": "AB-", "parent_name": "Iaya", "parent_email": "email@gmail.com", "address": "123-iira\nIndia", "emergency_contact": "8974984688"}}, {"model": "tracker.student", "pk": 12, "fields": {"name": "Hex", "roll_number": "773", "student_number": "9475672802", "student_email": "hex@gmail.com", "student_password": "pbkdf2_sha256$1200000$MOJimcdTzEyY9TCtwXTe6o$G89jROnMz7akU8e4ne9aNGgjUX8/tp6jcZj7Bmw7dpI=", "class_name": "IT", "parent_number": "6954416446", "dob": "2008-01-17", "gender": "Male", "nationality": "Indian", "blood_group": "B-", "parent_name": "Hexagon", "parent_email": "hexagon@gmail.com", "address": "zup - 123,\nmadras harbor,\nmadras", "emergency_contact": "108"}}, {"model": "tracker.student", "pk": 13, "fields": {"name": "Alan", "roll_number": "432", "student_number": "987248682", "student_email": "alanA@gmail.com", "student_password": "pbkdf2_sha256$1200000$UdNtTmPUtgVLarsApqP7hk$dFdCN2NHjbK/xvOu++mJq561V/HSKZ7NfGRE/c12cXA=", "class_name": "Electrical", "parent_number": "8465461964", "dob": "2006-07-18", "gender": "Male", "nationality": "India", "blood_group": "A-", "parent_name": "Atlan", "parent_email": "atlan@gmail.com", "address": "", "emergency_contact": "110"}}, {"model": "tracker.student", "pk": 14, "fields": {"name": "Tmp", "roll_number": "TMP-XYZ-2", "student_number": "TMP-S-2", "student_email": "tmp2@example.com", "student_password": "pbkdf2_sha256$1200000$H84qSt0KRUNPbcAUm27o1d$WC+S4G3hFP+JS9BI4v1j9qd6mJvFC0LomTJJTBgjevc=", "class_name": "Civil", "parent_number": null, "dob": null, "gender": null, "nationality": null, "blood_group": null, "parent_name": null, "parent_email": null, "address": null, "emergency_contact": null}}, {"model": "tracker.student", "pk": 15, "fields": {"name": "KOWSHIK K", "roll_number": "098", "student_number": "9634786389", "student_email": "kowshik@gmail.com", "student_password": "pbkdf2_sha256$1200000$ISKyhdcy6gl5AilLI5YJTO$ZrmXkEfzEg6YzzgMQtzjlbEQ/ePLqicJqP+remhpuns=", "class_name": "Electrical", "parent_number": "4958947645", "dob": "2004-07-07", "gender": "Male", "nationality": "Indian", "blood_group": "A-", "parent_name": "ABCD", "parent_email": "abcdef@gmail.com", "address": "", "emergency_contact": ""}}, {"model": "tracker.testmark", "pk": 17, "fields": {"student": 15, "subject": "Logical", "test_name": "Test 3", "marks_obtained": 4.0, "total_marks": 5.0, "date_taken": "2026-04-05"}}, {"model": "tracker.testmark", "pk": 18, "fields": {"student": 15, "subject": "Logical", "test_name": "Test 4", "marks_obtained": 0.0, "total_marks": 3.0, "date_taken": "2026-04-05"}}, {"model": "tracker.testmark", "pk": 19, "fields": {"student": 15, "subject": "Logical", "test_name": "Test 5", "marks_obtained": 4.0, "total_marks": 4.0, "date_taken": "2026-04-05"}}, {"model": "tracker.testmark", "pk": 20, "fields": {"student": 9, "subject": "Logical", "test_name": "Test 5", "marks_obtained": 1.0, "total_marks": 4.0, "date_taken": "2026-04-05"}}, {"model": "tracker.testmark", "pk": 21, "fields": {"student": 15, "subject": "Logical", "test_name": "Test 1", "marks_obtained": 2.0, "total_marks": 3.0, "date_taken": "2026-04-06"}}, {"model": "tracker.testmark", "pk": 22, "fields": {"student": 15, "subject": "Logical", "test_name": "Test 2", "marks_obtained": 5.0, "total_marks": 10.0, "date_taken": "2026-04-06"}}, {"model": "tracker.testmark", "pk": 23, "fields": {"student": 15, "subject": "Logical", "test_name": "Test 6", "marks_obtained": 7.0, "total_marks": 10.0, "date_taken": "2026-04-06"}}, {"model": "tracker.testmark", "pk": 24, "fields": {"student": 15, "subject": "Internet", "test_name": "Test 1", "marks_obtained": 0.0, "total_marks": 1.0, "date_taken": "2026-04-06"}}, {"model": "tracker.testmark", "pk": 25, "fields": {"student": 15, "subject": "Logical", "test_name": "Test 4", "marks_obtained": 5.0, "total_marks": 10.0, "date_taken": "2026-04-06"}}, {"model": "tracker.subject", "pk": 8, "fields": {"name": "Protocols"}}, {"model": "tracker.subject", "pk": 9, "fields": {"name": "Machine Learning"}}, {"model": "tracker.subject", "pk": 11, "fields": {"name": "Logical"}}, {"model": "tracker.subject", "pk": 12, "fields": {"name": "INTERNET"}}, {"model": "tracker.subject", "pk": 13, "fields": {"name": "OS"}}, {"model": "tracker.upcomingtest", "pk": 2, "fields": {"test_name": "Test 1", "subject": "Logical", "topic": "Logical", "test_date": "2026-03-30", "start_time": "2026-03-30T11:50:00Z", "end_time": "2026-03-30T11:55:00Z", "num_questions": 5, "study_material": "study_materials/operating_system_tutorial_YFOMEp8.pdf", "questions_generated": true, "question_bank": [{"question_text": "AB CD EF G?", "question_type": "MCQ", "options": {"A": "H", "B": "I", "C": "K", "D": "L"}, "correct_answer": "A", "marks": 1, "topic": "Logical", "difficulty": "medium"}, {"question_text": "ABCDEF GHIJK?", "question_type": "MCQ", "options": {"A": "L", "B": "M", "C": "N", "D": "O"}, "correct_answer": "A", "marks": 1, "topic": "Logical", "difficulty": "medium"}, {"question_text": "AA BB CD EF ??", "question_type": "MCQ", "options": {"A": "FF", "B": "GG", "C": "KK", "D": "LL"}, "correct_answer": "B", "marks": 1, "topic": "Logical", "difficulty": "medium"}, {"question_text": "MN_PQR", "question_type": "MCQ", "options": {"A": "P", "B": "M", "C": "L", "D": "O"}, "correct_answer": "D", "marks": 1, "topic": "Logical", "difficulty": "medium"}, {"question_text": "QWERT_UIOP", "question_type": "MCQ", "options": {"A": "A", "B": "L", "C": "Y", "D": "M"}, "correct_answer": "C", "marks": 1, "topic": "Logical", "difficulty": "medium"}], "total_marks": 5, "class_name": "Computer Science", "teacher_id": 2, "status": "finished", "created_at": "2026-03-30T11:44:21.293Z"}}, {"model": "tracker.upcomingtest", "pk": 4, "fields": {"test_name": "Test 2", "subject": "Logical", "topic": "Logical", "test_date": "2026-03-31", "start_time": "2026-03-31T03:25:00Z", "end_time": "2026-03-31T03:35:00Z", "num_questions": 10, "study_material": "study_materials/Full_Xk89bFA.pdf", "questions_generated": true, "question_bank": [{"question_text": "42 40 38 35 33 31 28", "question_type": "MCQ", "options": {"A": "25 22", "B": "26 23", "C": "26 24", "D": "21 26"}, "correct_answer": "C", "marks": 1, "topic": "Logical", "difficulty": "medium"}, {"question_text": "ABC DEF GHI", "question_type": "MCQ", "options": {"A": "JKL", "B": "QWE", "C": "MNO", "D": "PQR"}, "correct_answer": "A", "marks": 1, "topic": "Logical", "difficulty": "medium"}, {"question_text": "a1 b2 d4 e5 ?", "question_type": "MCQ", "options": {"A": "f6", "B": "i9", "C": "g7", "D": "h8"}, "correct_answer": "C", "marks": 1, "topic": "Logical", "difficulty": "medium"}, {"question_text": "123 246 481 ?", "question_type": "MCQ", "options": {"A": "986", "B": "812", "C": "098", "D": "563"}, "correct_answer": "B", "marks": 1, "topic": "Logical", "difficulty": "medium"}, {"question_text": "QWE RTY", "question_type": "MCQ", "options": {"A": "UIO", "B": "GDF", "C": "UJH", "D": "TYE"}, "correct_answer": "A", "marks": 1, "topic": "Logical", "difficulty": "medium"}, {"question_text": "qrtwe", "question_type": "MCQ", "options": {"A": "A", "B": "VB", "C": "D", "D": "R"}, "correct_answer": "C", "marks": 1, "topic": "Logical", "difficulty": "medium"}, {"question_text": "ONM RQP C?", "question_type": "MCQ", "options": {"A": "BA", "B": "TR", "C": "YX", "D": "LK"}, "correct_answer": "A", "marks": 1, "topic": "Logical", "difficulty": "medium"}, {"question_text": "QWE ?", "question_type": "MCQ", "options": {"A": "RTY", "B": "RTY", "C": "UYU", "D": "IUT"}, "correct_answer": "C", "marks": 1, "topic": "Logical", "difficulty": "medium"}, {"question_text": "MONO YOLO P?", "question_type": "MCQ", "options": {"A": "POLO", "B": "TOLO", "C": "TITI", "D": "BOLO"}, "correct_answer": "A", "marks": 1, "topic": "Logical", "difficulty": "medium"}, {"question_text": "YYY MMM ?", "question_type": "MCQ", "options": {"A": "AAA", "B": "BBB", "C": "III", "D": "OOO"}, "correct_answer": "C", "marks": 1, "topic": "Logical", "difficulty": "medium"}], "total_marks": 10, "class_name": "Computer Science", "teacher_id": 2, "status": "finished", "created_at": "2026-03-31T03:17:43.356Z"}}, {"model": "tracker.upcomingtest", "pk": 6, "fields": {"test_name": "Test 3", "subject": "Logical", "topic": "Logical", "test_date": "2026-03-31", "start_time": "2026-03-31T05:51:00Z", "end_time": "2026-03-31T05:55:00Z", "num_questions": 5, "study_material": "study_materials/Full_4bn2jiE.pdf", "questions_generated": true, "question_bank": [{"question_text": "ABC DEF ?", "question_type": "MCQ", "options": {"A": "EFG", "B": "TRE", "C": "TETE", "D": "IWR"}, "correct_answer": "A", "marks": 1, "topic": "Logical", "difficulty": "medium"}, {"question_text": "WERT?", "question_type": "MCQ", "options": {"A": "OJI", "B": "OMIO", "C": "FRXCR", "D": "PKSF"}, "correct_answer": "B", "marks": 1, "topic": "Logical", "difficulty": "medium"}, {"question_text": "HBIWUB?", "question_type": "MCQ", "options": {"A": "KBWJ", "B": "SNF", "C": "RFWRF", "D": "EFREW"}, "correct_answer": "C", "marks": 1, "topic": "Logical", "difficulty": "medium"}, {"question_text": "EETET???", "question_type": "MCQ", "options": {"A": "ERRWER", "B": "WERW", "C": "WER", "D": "TWEW"}, "correct_answer": "D", "marks": 1, "topic": "Logical", "difficulty": "medium"}, {"question_text": "KNKJN", "question_type": "MCQ", "options": {"A": "IJN", "B": "wr", "C": "wbijiu", "D": "werw"}, "correct_answer": "A", "marks": 1, "topic": "Logical", "difficulty": "medium"}], "total_marks": 5, "class_name": "Computer Science", "teacher_id": 2, "status": "finished", "created_at": "2026-03-31T05:45:34.754Z"}}, {"model": "tracker.upcomingtest", "pk": 7, "fields": {"test_name": "test 4", "subject": "Logical", "topic": "Logical", "test_date": "2026-03-31", "start_time": "2026-03-31T07:11:00Z", "end_time": "2026-03-31T07:14:00Z", "num_questions": 4, "study_material": "study_materials/Full_7d3xjBs.pdf", "questions_generated": true, "question_bank": [{"question_text": "121", "question_type": "MCQ", "options": {"A": "1", "B": "2", "C": "3", "D": "3"}, "correct_answer": "B", "marks": 1, "topic": "Logical", "difficulty": "medium"}, {"question_text": "q2w3q", "question_type": "MCQ", "options": {"A": "1", "B": "3", "C": "3", "D": "w"}, "correct_answer": "C", "marks": 1, "topic": "Logical", "difficulty": "medium"}, {"question_text": "er32", "question_type": "MCQ", "options": {"A": "w", "B": "s", "C": "ED", "D": "S"}, "correct_answer": "C", "marks": 1, "topic": "Logical", "difficulty": "medium"}, {"question_text": "w42", "question_type": "MCQ", "options": {"A": "qw", "B": "s", "C": "fd", "D": "c"}, "correct_answer": "C", "marks": 1, "topic": "Logical", "difficulty": "medium"}], "total_marks": 4, "class_name": "Computer Science", "teacher_id": 2, "status": "finished", "created_at": "2026-03-31T07:09:09.353Z"}}, {"model": "tracker.upcomingtest", "pk": 9, "fields": {"test_name": "Test 5", "subject": "Logical", "topic": "Logical", "test_date": "2026-03-31", "start_time": "2026-03-31T08:25:00Z", "end_time": "2026-03-31T08:30:00Z", "num_questions": 5, "study_material": "study_materials/Full_MGxk7JY.pdf", "questions_generated": true, "question_bank": [{"question_text": "qwe2", "question_type": "MCQ", "options": {"A": "weq", "B": "213we", "C": "qawr234", "D": "ew4r3"}, "correct_answer": "A", "marks": 1, "topic": "Logical", "difficulty": "medium"}, {"question_text": "erfrw", "question_type": "MCQ", "options": {"A": "434", "B": "32", "C": "242eq", "D": "242w"}, "correct_answer": "B", "marks": 1, "topic": "Logical", "difficulty": "medium"}, {"question_text": "sdre", "question_type": "MCQ", "options": {"A": "34qwq", "B": "werar", "C": "rerwdsf", "D": "35des"}, "correct_answer": "C", "marks": 1, "topic": "Logical", "difficulty": "medium"}, {"question_text": "esaew", "question_type": "MCQ", "options": {"A": "edfs", "B": "sersd", "C": "35ws", "D": "ADSFE"}, "correct_answer": "D", "marks": 1, "topic": "Logical", "difficulty": "medium"}, {"question_text": "dfwe3", "question_type": "MCQ", "options": {"A": "e3swr", "B": "35sed", "C": "34rtserf", "D": "34r5esrf"}, "correct_answer": "A", "marks": 1, "topic": "Logical", "difficulty": "medium"}], "total_marks": 5, "class_name": "Computer Science", "teacher_id": 2, "status": "finished", "created_at": "2026-03-31T08:21:26.042Z"}}, {"model": "tracker.upcomingtest", "pk": 20, "fields": {"test_name": "Test 6", "subject": "Logical", "topic": "Logical", "test_date": "2026-03-31", "start_time": "2026-03-31T17:12:00Z", "end_time": "2026-03-31T17:14:00Z", "num_questions": 1, "study_material": "study_materials/operating_system_tutorial_8653WPz.pdf", "questions_generated": true, "question_bank": [{"question_text": "w4e3w", "question_type": "MCQ", "options": {"A": "wer3", "B": "34wq", "C": "er", "D": "er"}, "correct_answer": "B", "marks": 1, "topic": "Logical", "difficulty": "medium"}], "total_marks": 1, "class_name": "Computer Science", "teacher_id": 2, "status": "finished", "created_at": "2026-03-31T17:10:51.485Z"}}, {"model": "tracker.upcomingtest", "pk": 39, "fields": {"test_name": "Test 1", "subject": "INTERNET", "topic": "INTERNET", "test_date": "2026-04-06", "start_time": "2026-04-06T09:31:00Z", "end_time": "2026-04-06T09:32:00Z", "num_questions": 1, "study_material": "study_materials/operating_system_tutorial_bm9TdFb.pdf", "questions_generated": true, "question_bank": [{"question_text": "HBVWYBE", "question_type": "MCQ", "options": {"A": "NFIENI", "B": "INIEGN", "C": "INIGN", "D": "JFOEJOL"}, "correct_answer": "A", "marks": 1, "topic": "INTERNET", "difficulty": "medium"}], "total_marks": 1, "class_name": "Electrical", "teacher_id": 4, "status": "finished", "created_at": "2026-04-06T09:29:44.788Z"}}, {"model": "tracker.upcomingtest", "pk": 40, "fields": {"test_name": "Test 1", "subject": "Logical", "topic": "Logical", "test_date": "2026-04-06", "start_time": "2026-04-06T10:37:00Z", "end_time": "2026-04-06T10:40:00Z", "num_questions": 2, "study_material": "study_materials/Full_LmoWPTT.pdf", "questions_generated": true, "question_bank": [{"question_text": "qewwew", "question_type": "MCQ", "options": {"A": "wfsgq", "B": "rfdq", "C": "ete", "D": "efeg"}, "correct_answer": "B", "marks": 1, "topic": "Logical", "difficulty": "medium"}, {"question_text": "wedwqq", "question_type": "MCQ", "options": {"A": "q", "B": "ewqr", "C": "eqw", "D": "qew"}, "correct_answer": "B", "marks": 1, "topic": "Logical", "difficulty": "medium"}], "total_marks": 2, "class_name": "Electrical", "teacher_id": 4, "status": "finished", "created_at": "2026-04-06T10:34:53.135Z"}}, {"model": "tracker.upcomingtest", "pk": 41, "fields": {"test_name": "Test 3", "subject": "Logical", "topic": "Logical", "test_date": "2026-04-07", "start_time": "2026-04-07T10:45:00Z", "end_time": "2026-04-07T10:50:00Z", "num_questions": 2, "study_material": "study_materials/Full_wfZsNJ0.pdf", "questions_generated": true, "question_bank": [{"question_text": "rrsrs", "question_type": "MCQ", "options": {"A": "esrex", "B": "eses", "C": "tvub", "D": "nmm"}, "correct_answer": "B", "marks": 1, "topic": "Logical", "difficulty": "medium"}, {"question_text": "gcsechjbh", "question_type": "MCQ", "options": {"A": "zfcf", "B": "jnm", "C": "ppo", "D": "cbhj"}, "correct_answer": "A", "marks": 1, "topic": "Logical", "difficulty": "medium"}], "total_marks": 2, "class_name": "Electrical", "teacher_id": 4, "status": "scheduled", "created_at": "2026-04-06T10:44:40.904Z"}}, {"model": "tracker.upcomingtest", "pk": 42, "fields": {"test_name": "Test 2", "subject": "Logical", "topic": "Logical", "test_date": "2026-04-06", "start_time": "2026-04-06T10:48:00Z", "end_time": "2026-04-06T10:55:00Z", "num_questions": 10, "study_material": "study_materials/Full_10gyGfR.pdf", "questions_generated": true, "question_bank": [{"question_text": "What is logic compared to in the text?", "question_type": "MCQ", "options": {"A": "A mathematical formula", "B": "A programming language", "C": "The grammar of thought", "D": "A scientific theory"}, "correct_answer": "C", "marks": 1, "topic": "Logical", "difficulty": "medium"}, {"question_text": "Which type of logic focuses on everyday reasoning in natural language?", "question_type": "MCQ", "options": {"A": "Formal Logic", "B": "Informal Logic", "C": "Predicate Logic", "D": "Modal Logic"}, "correct_answer": "B", "marks": 1, "topic": "Logical", "difficulty": "medium"}, {"question_text": "Deductive reasoning guarantees a true conclusion when:", "question_type": "MCQ", "options": {"A": "The conclusion seems correct", "B": "The premises are true and reasoning is valid", "C": "The student guesses correctly", "D": "The question is easy"}, "correct_answer": "B", "marks": 1, "topic": "Logical", "difficulty": "medium"}, {"question_text": "Which of the following is NOT a proposition?", "question_type": "MCQ", "options": {"A": "It is raining", "B": "5 + 3 = 8", "C": "Close the door", "D": "The sky is blue"}, "correct_answer": "C", "marks": 1, "topic": "Logical", "difficulty": "medium"}, {"question_text": "What does the negation (not p) of a statement do?", "question_type": "MCQ", "options": {"A": "Keeps the same truth value", "B": "Makes it more complex", "C": "Reverses its truth value", "D": "Removes meaning"}, "correct_answer": "C", "marks": 1, "topic": "Logical", "difficulty": "medium"}, {"question_text": "In propositional logic, what does the symbol AND represent?", "question_type": "MCQ", "options": {"A": "OR", "B": "NOT", "C": "AND", "D": "IF-THEN"}, "correct_answer": "C", "marks": 1, "topic": "Logical", "difficulty": "medium"}, {"question_text": "The disjunction (p OR q) is false only when:", "question_type": "MCQ", "options": {"A": "Both p and q are true", "B": "One is true", "C": "Both p and q are false", "D": "p is true"}, "correct_answer": "C", "marks": 1, "topic": "Logical", "difficulty": "medium"}, {"question_text": "In an if-then statement (p -> q), when is it false?", "question_type": "MCQ", "options": {"A": "When p is false", "B": "When q is true", "C": "When p is true and q is false", "D": "Always true"}, "correct_answer": "C", "marks": 1, "topic": "Logical", "difficulty": "medium"}, {"question_text": "What is the main purpose of truth tables?", "question_type": "MCQ", "options": {"A": "To solve equations", "B": "To list all possible truth values of statements", "C": "To write programs", "D": "To store data"}, "correct_answer": "B", "marks": 1, "topic": "Logical", "difficulty": "medium"}, {"question_text": "Which of the following best describes conjunction (p AND q)?", "question_type": "MCQ", "options": {"A": "True if at least one is true", "B": "True only if both are true", "C": "Always false", "D": "Always true"}, "correct_answer": "B", "marks": 1, "topic": "Logical", "difficulty": "medium"}], "total_marks": 10, "class_name": "Electrical", "teacher_id": 4, "status": "finished", "created_at": "2026-04-06T10:46:32.063Z"}}, {"model": "tracker.upcomingtest", "pk": 43, "fields": {"test_name": "Test 4", "subject": "Logical", "topic": "Logical", "test_date": "2026-04-06", "start_time": "2026-04-06T12:41:00Z", "end_time": "2026-04-06T12:50:00Z", "num_questions": 10, "study_material": "study_materials/Full_8YnRk5b.pdf", "questions_generated": true, "question_bank": [{"question_text": "What is logic compared to in the text?", "question_type": "MCQ", "options": {"A": "A mathematical formula", "B": "A programming language", "C": "The grammar of thought", "D": "A scientific theory"}, "correct_answer": "C", "marks": 1, "topic": "Logical", "difficulty": "medium"}, {"question_text": "Which type of logic focuses on everyday reasoning in natural language?", "question_type": "MCQ", "options": {"A": "Formal Logic", "B": "Informal Logic", "C": "Predicate Logic", "D": "Modal Logic"}, "correct_answer": "B", "marks": 1, "topic": "Logical", "difficulty": "medium"}, {"question_text": "Deductive reasoning guarantees a true conclusion when:", "question_type": "MCQ", "options": {"A": "The conclusion seems correct", "B": "The premises are true and reasoning is valid", "C": "The student guesses correctly", "D": "The question is easy"}, "correct_answer": "B", "marks": 1, "topic": "Logical", "difficulty": "medium"}, {"question_text": "Which of the following is NOT a proposition?", "question_type": "MCQ", "options": {"A": "It is raining", "B": "5 + 3 = 8", "C": "Close the door", "D": "The sky is blue"}, "correct_answer": "C", "marks": 1, "topic": "Logical", "difficulty": "medium"}, {"question_text": "What does the negation (not p) of a statement do?", "question_type": "MCQ", "options": {"A": "Keeps the same truth value", "B": "Makes it more complex", "C": "Reverses its truth value", "D": "Removes meaning"}, "correct_answer": "C", "marks": 1, "topic": "Logical", "difficulty": "medium"}, {"question_text": "In propositional logic, what does the symbol AND represent?", "question_type": "MCQ", "options": {"A": "OR", "B": "NOT", "C": "AND", "D": "IF-THEN"}, "correct_answer": "C", "marks": 1, "topic": "Logical", "difficulty": "medium"}, {"question_text": "The disjunction (p OR q) is false only when:", "question_type": "MCQ", "options": {"A": "Both p and q are true", "B": "One is true", "C": "Both p and q are false", "D": "p is true"}, "correct_answer": "C", "marks": 1, "topic": "Logical", "difficulty": "medium"}, {"question_text": "In an if-then statement (p -> q), when is it false?", "question_type": "MCQ", "options": {"A": "When p is false", "B": "When q is true", "C": "When p is true and q is false", "D": "Always true"}, "correct_answer": "C", "marks": 1, "topic": "Logical", "difficulty": "medium"}, {"question_text": "What is the main purpose of truth tables?", "question_type": "MCQ", "options": {"A": "To solve equations", "B": "To list all possible truth values of statements", "C": "To write programs", "D": "To store data"}, "correct_answer": "B", "marks": 1, "topic": "Logical", "difficulty": "medium"}, {"question_text": "Which of the following best describes conjunction (p AND q)?", "question_type": "MCQ", "options": {"A": "True if at least one is true", "B": "True only if both are true", "C": "Always false", "D": "Always true"}, "correct_answer": "B", "marks": 1, "topic": "Logical", "difficulty": "medium"}], "total_marks": 10, "class_name": "Electrical", "teacher_id": 4, "status": "active", "created_at": "2026-04-06T12:40:07.116Z"}}, {"model": "tracker.testresult", "pk": 1, "fields": {"student": 8, "test": 4, "total_score": 5.0, "total_marks": 10.0, "percentage": 50.0, "status": "Completed", "topic_wise_analysis": {"Logical": {"total": 10, "correct": 5, "percentage": 50.0}}, "strengths": [], "weaknesses": [], "recommendations": "", "predicted_performance": {}, "completed_at": "2026-03-31T03:34:33.800Z"}}, {"model": "tracker.testresult", "pk": 3, "fields": {"student": 8, "test": 6, "total_score": 5.0, "total_marks": 5.0, "percentage": 100.0, "status": "Completed", "topic_wise_analysis": {"Logical": {"total": 5, "correct": 5, "percentage": 100.0}}, "strengths": [], "weaknesses": [], "recommendations": "", "predicted_performance": {}, "completed_at": "2026-03-31T05:55:12.682Z"}}, {"model": "tracker.testresult", "pk": 4, "fields": {"student": 8, "test": 7, "total_score": 0.0, "total_marks": 4.0, "percentage": 0.0, "status": "Completed", "topic_wise_analysis": {"Logical": {"total": 4, "correct": 0, "percentage": 0.0}}, "strengths": [], "weaknesses": [], "recommendations": "", "predicted_performance": {}, "completed_at": "2026-03-31T07:13:11.099Z"}}, {"model": "tracker.testresult", "pk": 5, "fields": {"student": 8, "test": 9, "total_score": 5.0, "total_marks": 5.0, "percentage": 100.0, "status": "Completed", "topic_wise_analysis": {"Logical": {"total": 5, "correct": 5, "percentage": 100.0}}, "strengths": [], "weaknesses": [], "recommendations": "", "predicted_performance": {}, "completed_at": "2026-03-31T08:30:01.026Z"}}, {"model": "tracker.testresult", "pk": 7, "fields": {"student": 8, "test": 20, "total_score": 0.0, "total_marks": 1.0, "percentage": 0.0, "status": "Completed", "topic_wise_analysis": {"Logical": {"total": 1, "correct": 0, "percentage": 0.0}}, "strengths": [], "weaknesses": [], "recommendations": "", "predicted_performance": {}, "completed_at": "2026-03-31T17:12:54.055Z"}}, {"model": "tracker.testresult", "pk": 23, "fields": {"student": 15, "test": 42, "total_score": 5.0, "total_marks": 10.0, "percentage": 50.0, "status": "Completed", "topic_wise_analysis": {"Logical": {"total": 10, "correct": 5, "percentage": 50.0}}, "strengths": ["There are still a few stable areas, but they are not strong enough to highlight yet."], "weaknesses": ["Logical needs more practice because 5 question(s) were missed."], "recommendations": "- Spend extra time on Logical before moving to the next topic.\n- Revisit Logical and solve 3 easy practice questions.", "predicted_performance": {"risk_level": "medium", "focus_topics": ["Logical"], "expected_next_step": "Revise weak topics before attempting mixed practice."}, "completed_at": "2026-04-06T10:54:30.156Z"}}, {"model": "tracker.testresult", "pk": 24, "fields": {"student": 15, "test": 43, "total_score": 5.0, "total_marks": 10.0, "percentage": 50.0, "status": "Completed", "topic_wise_analysis": {"Logical": {"total": 10, "correct": 5, "percentage": 50.0}}, "strengths": ["There are still a few stable areas, but they are not strong enough to highlight yet."], "weaknesses": ["Logical needs more practice because 5 question(s) were missed."], "recommendations": "- Spend extra time on Logical before moving to the next topic.\n- Revisit Logical and solve 3 easy practice questions.", "predicted_performance": {"risk_level": "medium", "focus_topics": ["Logical"], "expected_next_step": "Revise weak topics before attempting mixed practice."}, "completed_at": "2026-04-06T12:47:13.035Z"}}, {"model": "tracker.testattempt", "pk": 1, "fields": {"student": 8, "test": 4, "answers_payload": [{"question_id": 1, "question_text": "42 40 38 35 33 31 28", "selected_answer": "C", "correct_answer": "C", "topic": "Logical", "is_correct": true, "time_taken_seconds": 74, "answer_changed": false, "difficulty": "medium", "options": {"A": "25 22", "B": "26 23", "C": "26 24", "D": "21 26"}}, {"question_id": 2, "question_text": "ABC DEF GHI", "selected_answer": "A", "correct_answer": "A", "topic": "Logical", "is_correct": true, "time_taken_seconds": 21, "answer_changed": false, "difficulty": "medium", "options": {"A": "JKL", "B": "QWE", "C": "MNO", "D": "PQR"}}, {"question_id": 3, "question_text": "a1 b2 d4 e5 ?", "selected_answer": "D", "correct_answer": "C", "topic": "Logical", "is_correct": false, "time_taken_seconds": 18, "answer_changed": false, "difficulty": "medium", "options": {"A": "f6", "B": "i9", "C": "g7", "D": "h8"}}, {"question_id": 4, "question_text": "123 246 481 ?", "selected_answer": "A", "correct_answer": "B", "topic": "Logical", "is_correct": false, "time_taken_seconds": 99, "answer_changed": false, "difficulty": "medium", "options": {"A": "986", "B": "812", "C": "098", "D": "563"}}, {"question_id": 5, "question_text": "QWE RTY", "selected_answer": "C", "correct_answer": "A", "topic": "Logical", "is_correct": false, "time_taken_seconds": 7, "answer_changed": false, "difficulty": "medium", "options": {"A": "UIO", "B": "GDF", "C": "UJH", "D": "TYE"}}, {"question_id": 6, "question_text": "qrtwe", "selected_answer": "C", "correct_answer": "C", "topic": "Logical", "is_correct": true, "time_taken_seconds": 55, "answer_changed": false, "difficulty": "medium", "options": {"A": "A", "B": "VB", "C": "D", "D": "R"}}, {"question_id": 7, "question_text": "ONM RQP C?", "selected_answer": "A", "correct_answer": "A", "topic": "Logical", "is_correct": true, "time_taken_seconds": 53, "answer_changed": false, "difficulty": "medium", "options": {"A": "BA", "B": "TR", "C": "YX", "D": "LK"}}, {"question_id": 8, "question_text": "QWE ?", "selected_answer": "D", "correct_answer": "C", "topic": "Logical", "is_correct": false, "time_taken_seconds": 82, "answer_changed": false, "difficulty": "medium", "options": {"A": "RTY", "B": "RTY", "C": "UYU", "D": "IUT"}}, {"question_id": 9, "question_text": "MONO YOLO P?", "selected_answer": "A", "correct_answer": "A", "topic": "Logical", "is_correct": true, "time_taken_seconds": 57, "answer_changed": false, "difficulty": "medium", "options": {"A": "POLO", "B": "TOLO", "C": "TITI", "D": "BOLO"}}, {"question_id": 10, "question_text": "YYY MMM ?", "selected_answer": "D", "correct_answer": "C", "topic": "Logical", "is_correct": false, "time_taken_seconds": 62, "answer_changed": false, "difficulty": "medium", "options": {"A": "AAA", "B": "BBB", "C": "III", "D": "OOO"}}], "conceptual_patterns": [], "behavior_patterns": [], "score": 5.0, "total_marks": 10.0, "correct_count": 5, "incorrect_count": 5, "unattempted_count": 0, "attempted_count": 10, "accuracy": 50.0, "attempt_rate": 100.0, "time_taken_seconds": 528, "submitted_at": "2026-03-31T03:34:33.769Z", "updated_at": "2026-03-31T03:59:30.064Z"}}, {"model": "tracker.testattempt", "pk": 2, "fields": {"student": 8, "test": 2, "answers_payload": [{"question_id": 1, "question_text": "AB CD EF G?", "selected_answer": "", "correct_answer": "A", "topic": "Logical", "is_correct": false, "time_taken_seconds": 0, "answer_changed": false, "difficulty": "medium", "options": {"A": "H", "B": "I", "C": "K", "D": "L"}}, {"question_id": 2, "question_text": "ABCDEF GHIJK?", "selected_answer": "", "correct_answer": "A", "topic": "Logical", "is_correct": false, "time_taken_seconds": 0, "answer_changed": false, "difficulty": "medium", "options": {"A": "L", "B": "M", "C": "N", "D": "O"}}, {"question_id": 3, "question_text": "AA BB CD EF ??", "selected_answer": "", "correct_answer": "B", "topic": "Logical", "is_correct": false, "time_taken_seconds": 0, "answer_changed": false, "difficulty": "medium", "options": {"A": "FF", "B": "GG", "C": "KK", "D": "LL"}}, {"question_id": 4, "question_text": "MN_PQR", "selected_answer": "", "correct_answer": "D", "topic": "Logical", "is_correct": false, "time_taken_seconds": 0, "answer_changed": false, "difficulty": "medium", "options": {"A": "P", "B": "M", "C": "L", "D": "O"}}, {"question_id": 5, "question_text": "QWERT_UIOP", "selected_answer": "", "correct_answer": "C", "topic": "Logical", "is_correct": false, "time_taken_seconds": 0, "answer_changed": false, "difficulty": "medium", "options": {"A": "A", "B": "L", "C": "Y", "D": "M"}}], "conceptual_patterns": [], "behavior_patterns": [], "score": 5.0, "total_marks": 5.0, "correct_count": 0, "incorrect_count": 0, "unattempted_count": 5, "attempted_count": 0, "accuracy": 0.0, "attempt_rate": 0.0, "time_taken_seconds": 0, "submitted_at": "2026-03-31T04:05:52.469Z", "updated_at": "2026-03-31T04:05:52.469Z"}}, {"model": "tracker.testattempt", "pk": 4, "fields": {"student": 8, "test": 6, "answers_payload": [{"question_id": 1, "question_text": "ABC DEF ?", "selected_answer": "A", "correct_answer": "A", "topic": "Logical", "is_correct": true, "time_taken_seconds": 37, "answer_changed": false, "difficulty": "medium", "options": {"A": "EFG", "B": "TRE", "C": "TETE", "D": "IWR"}}, {"question_id": 2, "question_text": "WERT?", "selected_answer": "B", "correct_answer": "B", "topic": "Logical", "is_correct": true, "time_taken_seconds": 68, "answer_changed": false, "difficulty": "medium", "options": {"A": "OJI", "B": "OMIO", "C": "FRXCR", "D": "PKSF"}}, {"question_id": 3, "question_text": "HBIWUB?", "selected_answer": "C", "correct_answer": "C", "topic": "Logical", "is_correct": true, "time_taken_seconds": 37, "answer_changed": false, "difficulty": "medium", "options": {"A": "KBWJ", "B": "SNF", "C": "RFWRF", "D": "EFREW"}}, {"question_id": 4, "question_text": "EETET???", "selected_answer": "D", "correct_answer": "D", "topic": "Logical", "is_correct": true, "time_taken_seconds": 34, "answer_changed": false, "difficulty": "medium", "options": {"A": "ERRWER", "B": "WERW", "C": "WER", "D": "TWEW"}}, {"question_id": 5, "question_text": "KNKJN", "selected_answer": "A", "correct_answer": "A", "topic": "Logical", "is_correct": true, "time_taken_seconds": 19, "answer_changed": false, "difficulty": "medium", "options": {"A": "IJN", "B": "wr", "C": "wbijiu", "D": "werw"}}], "conceptual_patterns": [], "behavior_patterns": [], "score": 5.0, "total_marks": 5.0, "correct_count": 5, "incorrect_count": 0, "unattempted_count": 0, "attempted_count": 5, "accuracy": 100.0, "attempt_rate": 100.0, "time_taken_seconds": 195, "submitted_at": "2026-03-31T05:55:12.663Z", "updated_at": "2026-03-31T05:55:26.104Z"}}, {"model": "tracker.testattempt", "pk": 5, "fields": {"student": 8, "test": 7, "answers_payload": [{"question_id": 1, "question_text": "121", "selected_answer": "D", "correct_answer": "B", "topic": "Logical", "is_correct": false, "time_taken_seconds": 3, "answer_changed": false, "difficulty": "medium", "options": {"A": "1", "B": "2", "C": "3", "D": "3"}}, {"question_id": 2, "question_text": "q2w3q", "selected_answer": "D", "correct_answer": "C", "topic": "Logical", "is_correct": false, "time_taken_seconds": 1, "answer_changed": false, "difficulty": "medium", "options": {"A": "1", "B": "3", "C": "3", "D": "w"}}, {"question_id": 3, "question_text": "er32", "selected_answer": "B", "correct_answer": "C", "topic": "Logical", "is_correct": false, "time_taken_seconds": 1, "answer_changed": false, "difficulty": "medium", "options": {"A": "w", "B": "s", "C": "ED", "D": "S"}}, {"question_id": 4, "question_text": "w42", "selected_answer": "D", "correct_answer": "C", "topic": "Logical", "is_correct": false, "time_taken_seconds": 1, "answer_changed": false, "difficulty": "medium", "options": {"A": "qw", "B": "s", "C": "fd", "D": "c"}}], "conceptual_patterns": [], "behavior_patterns": [], "score": 0.0, "total_marks": 4.0, "correct_count": 0, "incorrect_count": 4, "unattempted_count": 0, "attempted_count": 4, "accuracy": 0.0, "attempt_rate": 100.0, "time_taken_seconds": 6, "submitted_at": "2026-03-31T07:13:11.087Z", "updated_at": "2026-03-31T08:43:27.173Z"}}, {"model": "tracker.testattempt", "pk": 6, "fields": {"student": 8, "test": 9, "answers_payload": [{"question_id": 1, "question_text": "qwe2", "selected_answer": "A", "correct_answer": "A", "topic": "Logical", "is_correct": true, "time_taken_seconds": 106, "answer_changed": false, "difficulty": "medium", "options": {"A": "weq", "B": "213we", "C": "qawr234", "D": "ew4r3"}}, {"question_id": 2, "question_text": "erfrw", "selected_answer": "B", "correct_answer": "B", "topic": "Logical", "is_correct": true, "time_taken_seconds": 22, "answer_changed": false, "difficulty": "medium", "options": {"A": "434", "B": "32", "C": "242eq", "D": "242w"}}, {"question_id": 3, "question_text": "sdre", "selected_answer": "C", "correct_answer": "C", "topic": "Logical", "is_correct": true, "time_taken_seconds": 37, "answer_changed": false, "difficulty": "medium", "options": {"A": "34qwq", "B": "werar", "C": "rerwdsf", "D": "35des"}}, {"question_id": 4, "question_text": "esaew", "selected_answer": "D", "correct_answer": "D", "topic": "Logical", "is_correct": true, "time_taken_seconds": 66, "answer_changed": false, "difficulty": "medium", "options": {"A": "edfs", "B": "sersd", "C": "35ws", "D": "ADSFE"}}, {"question_id": 5, "question_text": "dfwe3", "selected_answer": "A", "correct_answer": "A", "topic": "Logical", "is_correct": true, "time_taken_seconds": 7, "answer_changed": false, "difficulty": "medium", "options": {"A": "e3swr", "B": "35sed", "C": "34rtserf", "D": "34r5esrf"}}], "conceptual_patterns": [], "behavior_patterns": [], "score": 5.0, "total_marks": 5.0, "correct_count": 5, "incorrect_count": 0, "unattempted_count": 0, "attempted_count": 5, "accuracy": 100.0, "attempt_rate": 100.0, "time_taken_seconds": 238, "submitted_at": "2026-03-31T08:30:01.019Z", "updated_at": "2026-03-31T08:43:25.966Z"}}, {"model": "tracker.testattempt", "pk": 8, "fields": {"student": 15, "test": 42, "answers_payload": [{"question_id": 1, "question_text": "What is logic compared to in the text?", "question_type": "MCQ", "selected_answer": "B", "correct_answer": "C", "topic": "Logical", "is_correct": false, "time_taken_seconds": 2, "answer_changed": false, "difficulty": "medium", "options": {"A": "A mathematical formula", "B": "A programming language", "C": "The grammar of thought", "D": "A scientific theory"}}, {"question_id": 2, "question_text": "Which type of logic focuses on everyday reasoning in natural language?", "question_type": "MCQ", "selected_answer": "D", "correct_answer": "B", "topic": "Logical", "is_correct": false, "time_taken_seconds": 1, "answer_changed": false, "difficulty": "medium", "options": {"A": "Formal Logic", "B": "Informal Logic", "C": "Predicate Logic", "D": "Modal Logic"}}, {"question_id": 3, "question_text": "Deductive reasoning guarantees a true conclusion when:", "question_type": "MCQ", "selected_answer": "B", "correct_answer": "B", "topic": "Logical", "is_correct": true, "time_taken_seconds": 1, "answer_changed": false, "difficulty": "medium", "options": {"A": "The conclusion seems correct", "B": "The premises are true and reasoning is valid", "C": "The student guesses correctly", "D": "The question is easy"}}, {"question_id": 4, "question_text": "Which of the following is NOT a proposition?", "question_type": "MCQ", "selected_answer": "A", "correct_answer": "C", "topic": "Logical", "is_correct": false, "time_taken_seconds": 1, "answer_changed": false, "difficulty": "medium", "options": {"A": "It is raining", "B": "5 + 3 = 8", "C": "Close the door", "D": "The sky is blue"}}, {"question_id": 5, "question_text": "What does the negation (not p) of a statement do?", "question_type": "MCQ", "selected_answer": "D", "correct_answer": "C", "topic": "Logical", "is_correct": false, "time_taken_seconds": 1, "answer_changed": false, "difficulty": "medium", "options": {"A": "Keeps the same truth value", "B": "Makes it more complex", "C": "Reverses its truth value", "D": "Removes meaning"}}, {"question_id": 6, "question_text": "In propositional logic, what does the symbol AND represent?", "question_type": "MCQ", "selected_answer": "C", "correct_answer": "C", "topic": "Logical", "is_correct": true, "time_taken_seconds": 1, "answer_changed": false, "difficulty": "medium", "options": {"A": "OR", "B": "NOT", "C": "AND", "D": "IF-THEN"}}, {"question_id": 7, "question_text": "The disjunction (p OR q) is false only when:", "question_type": "MCQ", "selected_answer": "C", "correct_answer": "C", "topic": "Logical", "is_correct": true, "time_taken_seconds": 19, "answer_changed": false, "difficulty": "medium", "options": {"A": "Both p and q are true", "B": "One is true", "C": "Both p and q are false", "D": "p is true"}}, {"question_id": 8, "question_text": "In an if-then statement (p -> q), when is it false?", "question_type": "MCQ", "selected_answer": "C", "correct_answer": "C", "topic": "Logical", "is_correct": true, "time_taken_seconds": 1, "answer_changed": false, "difficulty": "medium", "options": {"A": "When p is false", "B": "When q is true", "C": "When p is true and q is false", "D": "Always true"}}, {"question_id": 9, "question_text": "What is the main purpose of truth tables?", "question_type": "MCQ", "selected_answer": "B", "correct_answer": "B", "topic": "Logical", "is_correct": true, "time_taken_seconds": 1, "answer_changed": false, "difficulty": "medium", "options": {"A": "To solve equations", "B": "To list all possible truth values of statements", "C": "To write programs", "D": "To store data"}}, {"question_id": 10, "question_text": "Which of the following best describes conjunction (p AND q)?", "question_type": "MCQ", "selected_answer": "C", "correct_answer": "B", "topic": "Logical", "is_correct": false, "time_taken_seconds": 1, "answer_changed": false, "difficulty": "medium", "options": {"A": "True if at least one is true", "B": "True only if both are true", "C": "Always false", "D": "Always true"}}], "conceptual_patterns": [], "behavior_patterns": [], "score": 5.0, "total_marks": 10.0, "correct_count": 5, "incorrect_count": 5, "unattempted_count": 0, "attempted_count": 10, "accuracy": 50.0, "attempt_rate": 100.0, "time_taken_seconds": 29, "submitted_at": "2026-04-06T10:54:30.113Z", "updated_at": "2026-04-06T10:54:30.113Z"}}, {"model": "tracker.testattempt", "pk": 9, "fields": {"student": 15, "test": 43, "answers_payload": [{"question_id": 1, "question_text": "What is logic compared to in the text?", "question_type": "MCQ", "selected_answer": "D", "correct_answer": "C", "topic": "Logical", "is_correct": false, "time_taken_seconds": 3, "answer_changed": false, "difficulty": "medium", "options": {"A": "A mathematical formula", "B": "A programming language", "C": "The grammar of thought", "D": "A scientific theory"}}, {"question_id": 2, "question_text": "Which type of logic focuses on everyday reasoning in natural language?", "question_type": "MCQ", "selected_answer": "C", "correct_answer": "B", "topic": "Logical", "is_correct": false, "time_taken_seconds": 0, "answer_changed": false, "difficulty": "medium", "options": {"A": "Formal Logic", "B": "Informal Logic", "C": "Predicate Logic", "D": "Modal Logic"}}, {"question_id": 3, "question_text": "Deductive reasoning guarantees a true conclusion when:", "question_type": "MCQ", "selected_answer": "B", "correct_answer": "B", "topic": "Logical", "is_correct": true, "time_taken_seconds": 1, "answer_changed": false, "difficulty": "medium", "options": {"A": "The conclusion seems correct", "B": "The premises are true and reasoning is valid", "C": "The student guesses correctly", "D": "The question is easy"}}, {"question_id": 4, "question_text": "Which of the following is NOT a proposition?", "question_type": "MCQ", "selected_answer": "A", "correct_answer": "C", "topic": "Logical", "is_correct": false, "time_taken_seconds": 1, "answer_changed": false, "difficulty": "medium", "options": {"A": "It is raining", "B": "5 + 3 = 8", "C": "Close the door", "D": "The sky is blue"}}, {"question_id": 5, "question_text": "What does the negation (not p) of a statement do?", "question_type": "MCQ", "selected_answer": "C", "correct_answer": "C", "topic": "Logical", "is_correct": true, "time_taken_seconds": 1, "answer_changed": false, "difficulty": "medium", "options": {"A": "Keeps the same truth value", "B": "Makes it more complex", "C": "Reverses its truth value", "D": "Removes meaning"}}, {"question_id": 6, "question_text": "In propositional logic, what does the symbol AND represent?", "question_type": "MCQ", "selected_answer": "", "correct_answer": "C", "topic": "Logical", "is_correct": false, "time_taken_seconds": 0, "answer_changed": false, "difficulty": "medium", "options": {"A": "OR", "B": "NOT", "C": "AND", "D": "IF-THEN"}}, {"question_id": 7, "question_text": "The disjunction (p OR q) is false only when:", "question_type": "MCQ", "selected_answer": "C", "correct_answer": "C", "topic": "Logical", "is_correct": true, "time_taken_seconds": 2, "answer_changed": false, "difficulty": "medium", "options": {"A": "Both p and q are true", "B": "One is true", "C": "Both p and q are false", "D": "p is true"}}, {"question_id": 8, "question_text": "In an if-then statement (p -> q), when is it false?", "question_type": "MCQ", "selected_answer": "C", "correct_answer": "C", "topic": "Logical", "is_correct": true, "time_taken_seconds": 1, "answer_changed": false, "difficulty": "medium", "options": {"A": "When p is false", "B": "When q is true", "C": "When p is true and q is false", "D": "Always true"}}, {"question_id": 9, "question_text": "What is the main purpose of truth tables?", "question_type": "MCQ", "selected_answer": "B", "correct_answer": "B", "topic": "Logical", "is_correct": true, "time_taken_seconds": 1, "answer_changed": false, "difficulty": "medium", "options": {"A": "To solve equations", "B": "To list all possible truth values of statements", "C": "To write programs", "D": "To store data"}}, {"question_id": 10, "question_text": "Which of the following best describes conjunction (p AND q)?", "question_type": "MCQ", "selected_answer": "C", "correct_answer": "B", "topic": "Logical", "is_correct": false, "time_taken_seconds": 2, "answer_changed": false, "difficulty": "medium", "options": {"A": "True if at least one is true", "B": "True only if both are true", "C": "Always false", "D": "Always true"}}], "conceptual_patterns": [], "behavior_patterns": [], "score": 5.0, "total_marks": 10.0, "correct_count": 5, "incorrect_count": 4, "unattempted_count": 1, "attempted_count": 9, "accuracy": 55.56, "attempt_rate": 90.0, "time_taken_seconds": 12, "submitted_at": "2026-04-06T12:47:12.992Z", "updated_at": "2026-04-06T12:47:12.992Z"}}, {"model": "tracker.aianalysisresult", "pk": 1, "fields": {"student": 15, "test": 42, "conceptual_patterns": ["{'WHAT': 'The student demonstrates a fundamental misunderstanding of core logical definitions and terminology. This includes misinterpreting the basic nature or comparison of logic itself (Q1), failing to correctly identify what constitutes a proposition (Q4), and confusing distinct branches or types of logic (Q2). The errors suggest a weak grasp of the foundational vocabulary and conceptual framework essential for logical reasoning.', 'WHY': \"This is a common error because logic introduces precise, technical definitions that often differ significantly from their everyday usage or intuitive understanding. Students may rely on superficial associations or general knowledge rather than committing to memory and understanding the specific, formal definitions required in logic. Without a solid foundation in these basic terms, it's difficult to build more complex understanding or differentiate between related concepts.\", 'EVIDENCE': 'Questions 1, 2, 4'}", "{'WHAT': \"The student exhibits an inaccurate understanding of how fundamental logical operators (specifically negation and conjunction) function, particularly regarding their impact on truth values. They incorrectly believe negation 'removes meaning' instead of reversing truth value (Q5) and that conjunction is 'always false' instead of being true only when both components are true (Q10). This indicates a failure to grasp the truth tables or the precise functional definitions of these core logical connectives.\", 'WHY': \"This is a common error because students often struggle to transition from natural language interpretations of words like 'not' and 'and' to their precise, truth-functional definitions in formal logic. They might oversimplify, misremember, or not fully internalize the exact conditions under which these operators yield true or false outcomes, especially if they haven't practiced constructing truth tables or applying these rules consistently.\", 'EVIDENCE': 'Questions 5, 10'}"], "behavior_patterns": ["**Rapid, Uncorrected Errors:** The student answered all questions incorrectly within 1-2 seconds and did not change any answers, suggesting quick decision-making based on initial, often incorrect, assumptions rather than careful consideration or recall.", "**Lack of Precision in Understanding:** The errors consistently point to a general lack of precision in understanding logical definitions and functions, often selecting answers that are vaguely related but fundamentally incorrect (e.g., 'programming language' for logic, 'removes meaning' for negation).", "**Fundamental Knowledge Gaps:** The mistakes are not minor slips but rather indicate significant gaps in understanding core, introductory concepts of logic, which are prerequisites for more advanced topics."], "analysis_result": {"performance_summary": {"student_name": "KOWSHIK K", "test_name": "Test 2", "subject_name": "Logical", "total_questions": 10, "correct": 5, "incorrect": 5, "attempted": 10, "unattempted": 0, "accuracy": 50.0}, "topic_analysis": {"by_topic": {"Logical": {"total": 10, "correct": 5, "incorrect": 5, "accuracy": 50.0, "dominant_subtopic": ""}}, "strong_topics": [], "weak_topics": [{"topic": "Logical", "subtopic": "", "total": 10, "correct": 5, "incorrect": 5, "accuracy": 50.0}], "critical_weak_areas": [{"topic": "Logical", "subtopic": "", "total": 10, "correct": 5, "incorrect": 5, "accuracy": 50.0}]}, "mistake_breakdown": {"Conceptual Errors": 4, "Careless Mistakes": 0, "Misinterpretations": 1, "Logic Errors": 0, "Guessing": 0, "Correct": 5, "Incorrect": 5}, "detailed_mistake_analysis": [{"question_id": 1, "question": "What is logic compared to in the text?", "student_answer": "B", "correct_answer": "C", "topic": "Logical", "subtopic": "", "classification": "Conceptual Error", "what_student_did_wrong": "The response for Logical did not match the correct answer.", "why_it_is_wrong": "This topic is still weak overall (50.0% correct), so the core idea likely needs revision.", "correct_concept": "The correct answer is C. Revisit the main rule or definition for Logical.", "simple_explanation": "Think of Logical as the key idea you need to recognize before answering.", "memory_tip": "Re-learn the definition first, then solve one easy example."}, {"question_id": 2, "question": "Which type of logic focuses on everyday reasoning in natural language?", "student_answer": "D", "correct_answer": "B", "topic": "Logical", "subtopic": "", "classification": "Conceptual Error", "what_student_did_wrong": "The response for Logical did not match the correct answer.", "why_it_is_wrong": "This topic is still weak overall (50.0% correct), so the core idea likely needs revision.", "correct_concept": "The correct answer is B. Revisit the main rule or definition for Logical.", "simple_explanation": "Think of Logical as the key idea you need to recognize before answering.", "memory_tip": "Re-learn the definition first, then solve one easy example."}, {"question_id": 4, "question": "Which of the following is NOT a proposition?", "student_answer": "A", "correct_answer": "C", "topic": "Logical", "subtopic": "", "classification": "Misinterpretation", "what_student_did_wrong": "The response for Logical did not match the correct answer.", "why_it_is_wrong": "The question uses negation or exception wording, which is easy to read incorrectly.", "correct_concept": "The correct answer is C. Revisit the main rule or definition for Logical.", "simple_explanation": "Think of Logical as the key idea you need to recognize before answering.", "memory_tip": "Circle words like not, except, least, and false before choosing an answer."}, {"question_id": 5, "question": "What does the negation (not p) of a statement do?", "student_answer": "D", "correct_answer": "C", "topic": "Logical", "subtopic": "", "classification": "Conceptual Error", "what_student_did_wrong": "The response for Logical did not match the correct answer.", "why_it_is_wrong": "This topic is still weak overall (50.0% correct), so the core idea likely needs revision.", "correct_concept": "The correct answer is C. Revisit the main rule or definition for Logical.", "simple_explanation": "Think of Logical as the key idea you need to recognize before answering.", "memory_tip": "Re-learn the definition first, then solve one easy example."}, {"question_id": 10, "question": "Which of the following best describes conjunction (p AND q)?", "student_answer": "C", "correct_answer": "B", "topic": "Logical", "subtopic": "", "classification": "Conceptual Error", "what_student_did_wrong": "The response for Logical did not match the correct answer.", "why_it_is_wrong": "This topic is still weak overall (50.0% correct), so the core idea likely needs revision.", "correct_concept": "The correct answer is B. Revisit the main rule or definition for Logical.", "simple_explanation": "Think of Logical as the key idea you need to recognize before answering.", "memory_tip": "Re-learn the definition first, then solve one easy example."}], "repeated_weakness": {"type": "Topic", "label": "Logical", "count": 5, "message": "Logical is a repeated weak area with 5 wrong answer(s).", "comparison": "Accuracy in Logical is only 50.0%, so the same concept is being missed again.", "extra_attention_note": "Spend extra time on Logical before moving to the next topic."}, "personalized_feedback": "KOWSHIK K completed Test 2 with 50.0% accuracy. KOWSHIK K answered 5 out of 10 questions correctly (50.0%). The main revision focus is Logical.", "improvement_plan": ["**Systematic Review of Foundational Definitions:** The student should systematically review and memorize the precise definitions of all key logical terms (e.g., logic, proposition, argument, validity, soundness) and clearly differentiate between various types of logic (e.g., formal vs. informal, modal). Using flashcards or creating a personal glossary can be highly effective.", "**Mastery of Truth Tables for All Operators:** The student needs to practice constructing and thoroughly understanding truth tables for all basic logical connectives (negation, conjunction, disjunction, implication, biconditional). Focus should be on the exact conditions under which each operator yields true or false outcomes, perhaps by working through examples and explaining the truth conditions aloud.", "**Active Recall and Self-Explanation:** After reviewing concepts, the student should engage in active recall exercises, such as explaining definitions and operator functions in their own words without referring to notes. This helps solidify understanding, identify areas of confusion, and build confidence in their knowledge."], "practice_questions": [{"topic": "Logical", "subtopic": "", "difficulty": "Easy", "question": "What is the core idea of Logical?", "hint": "Start with the definition of Logical and connect it to one simple example."}], "strengths": ["There are still a few stable areas, but they are not strong enough to highlight yet."], "weaknesses": ["Logical needs more practice because 5 question(s) were missed."], "recommendations": ["Spend extra time on Logical before moving to the next topic.", "Revisit Logical and solve 3 easy practice questions."], "mastery_summary": "KOWSHIK K answered 5 out of 10 questions correctly (50.0%). The main revision focus is Logical.", "conceptual_patterns": ["{'WHAT': 'The student demonstrates a fundamental misunderstanding of core logical definitions and terminology. This includes misinterpreting the basic nature or comparison of logic itself (Q1), failing to correctly identify what constitutes a proposition (Q4), and confusing distinct branches or types of logic (Q2). The errors suggest a weak grasp of the foundational vocabulary and conceptual framework essential for logical reasoning.', 'WHY': \"This is a common error because logic introduces precise, technical definitions that often differ significantly from their everyday usage or intuitive understanding. Students may rely on superficial associations or general knowledge rather than committing to memory and understanding the specific, formal definitions required in logic. Without a solid foundation in these basic terms, it's difficult to build more complex understanding or differentiate between related concepts.\", 'EVIDENCE': 'Questions 1, 2, 4'}", "{'WHAT': \"The student exhibits an inaccurate understanding of how fundamental logical operators (specifically negation and conjunction) function, particularly regarding their impact on truth values. They incorrectly believe negation 'removes meaning' instead of reversing truth value (Q5) and that conjunction is 'always false' instead of being true only when both components are true (Q10). This indicates a failure to grasp the truth tables or the precise functional definitions of these core logical connectives.\", 'WHY': \"This is a common error because students often struggle to transition from natural language interpretations of words like 'not' and 'and' to their precise, truth-functional definitions in formal logic. They might oversimplify, misremember, or not fully internalize the exact conditions under which these operators yield true or false outcomes, especially if they haven't practiced constructing truth tables or applying these rules consistently.\", 'EVIDENCE': 'Questions 5, 10'}"], "behavior_patterns": ["**Rapid, Uncorrected Errors:** The student answered all questions incorrectly within 1-2 seconds and did not change any answers, suggesting quick decision-making based on initial, often incorrect, assumptions rather than careful consideration or recall.", "**Lack of Precision in Understanding:** The errors consistently point to a general lack of precision in understanding logical definitions and functions, often selecting answers that are vaguely related but fundamentally incorrect (e.g., 'programming language' for logic, 'removes meaning' for negation).", "**Fundamental Knowledge Gaps:** The mistakes are not minor slips but rather indicate significant gaps in understanding core, introductory concepts of logic, which are prerequisites for more advanced topics."], "comprehensive_analysis": ["Performance Summary: 5/10 correct (50.0%).", "Topic Analysis: No strong topic yet.", "Weak Topics: Logical.", "Repeated Weakness: Logical"], "predicted_performance": {"risk_level": "medium", "focus_topics": ["Logical"], "expected_next_step": "Revise weak topics before attempting mixed practice."}}, "created_at": "2026-04-06T10:54:30.144Z", "updated_at": "2026-04-06T10:54:44.733Z"}}, {"model": "tracker.aianalysisresult", "pk": 2, "fields": {"student": 15, "test": 43, "conceptual_patterns": ["{'WHAT': 'The student demonstrates a lack of precise understanding of fundamental logical definitions and the exact truth conditions for basic logical operators. They often confuse general concepts with specific logical definitions or misapply truth rules, indicating a weak grasp of the foundational building blocks of logic.', 'WHY': 'This is a common error because logical terms often have specific, technical meanings that differ from their everyday usage. Students may rely on intuition or common sense rather than the rigorous definitions required in logic. Additionally, the abstract nature of truth tables and formal definitions can be challenging to internalize without sufficient practice and conceptual clarity, leading to errors in identifying propositions or understanding conjunctions.', 'EVIDENCE': \"Q1 (misunderstanding the foundational analogy of logic), Q4 (misidentifying a proposition), Q6 (blank answer for a basic symbol), Q10 (incorrect truth condition for conjunction, believing 'AND' is 'always false').\"}", "{'WHAT': 'The student struggles to differentiate between distinct branches and methodologies within logic. This indicates a fuzzy understanding of the scope, focus, and characteristics of various logical systems, leading to confusion between formal and informal approaches.', 'WHY': 'Logic is a broad field with many sub-disciplines, and students new to the subject may not have developed a clear conceptual framework to categorize and differentiate these branches. They might conflate the goals and methods of, for instance, symbolic logic (like predicate logic) with those of critical thinking or everyday reasoning (informal logic), especially when the terminology is new and interconnected.', 'EVIDENCE': 'Q2 (confusing informal logic, which focuses on everyday reasoning in natural language, with predicate logic, which is a formal system).'}"], "behavior_patterns": ["**Rushed Responses / Lack of Engagement:** The student answered several questions (Q2, Q4, Q10) in 0-2 seconds and left one question (Q6) blank, suggesting either guessing, extreme speed without careful consideration, or a complete lack of knowledge for certain fundamental concepts.", "**Inconsistent Performance on Fundamental Concepts:** The student struggles with very basic concepts like the definition of a proposition (Q4) and the truth conditions for a conjunction (Q10), indicating a weak and inconsistent grasp of core logical principles rather than just minor misunderstandings.", "**Tendency to Select Plausible but Incorrect Options:** In questions like Q1 and Q2, the student selected options that are related to logic or reasoning but are not the precise or correct answer according to the text or definition, suggesting a partial understanding or guessing among options that sound somewhat related."], "analysis_result": {"performance_summary": {"student_name": "KOWSHIK K", "test_name": "Test 4", "subject_name": "Logical", "total_questions": 10, "correct": 5, "incorrect": 5, "attempted": 9, "unattempted": 1, "accuracy": 50.0}, "topic_analysis": {"by_topic": {"Logical": {"total": 10, "correct": 5, "incorrect": 5, "accuracy": 50.0, "dominant_subtopic": ""}}, "strong_topics": [], "weak_topics": [{"topic": "Logical", "subtopic": "", "total": 10, "correct": 5, "incorrect": 5, "accuracy": 50.0}], "critical_weak_areas": [{"topic": "Logical", "subtopic": "", "total": 10, "correct": 5, "incorrect": 5, "accuracy": 50.0}]}, "mistake_breakdown": {"Conceptual Errors": 3, "Careless Mistakes": 0, "Misinterpretations": 1, "Logic Errors": 0, "Guessing": 1, "Correct": 5, "Incorrect": 5}, "detailed_mistake_analysis": [{"question_id": 1, "question": "What is logic compared to in the text?", "student_answer": "D", "correct_answer": "C", "topic": "Logical", "subtopic": "", "classification": "Conceptual Error", "what_student_did_wrong": "The response for Logical did not match the correct answer.", "why_it_is_wrong": "This topic is still weak overall (50.0% correct), so the core idea likely needs revision.", "correct_concept": "The correct answer is C. Revisit the main rule or definition for Logical.", "simple_explanation": "Think of Logical as the key idea you need to recognize before answering.", "memory_tip": "Re-learn the definition first, then solve one easy example."}, {"question_id": 2, "question": "Which type of logic focuses on everyday reasoning in natural language?", "student_answer": "C", "correct_answer": "B", "topic": "Logical", "subtopic": "", "classification": "Conceptual Error", "what_student_did_wrong": "The response for Logical did not match the correct answer.", "why_it_is_wrong": "This topic is still weak overall (50.0% correct), so the core idea likely needs revision.", "correct_concept": "The correct answer is B. Revisit the main rule or definition for Logical.", "simple_explanation": "Think of Logical as the key idea you need to recognize before answering.", "memory_tip": "Re-learn the definition first, then solve one easy example."}, {"question_id": 4, "question": "Which of the following is NOT a proposition?", "student_answer": "A", "correct_answer": "C", "topic": "Logical", "subtopic": "", "classification": "Misinterpretation", "what_student_did_wrong": "The response for Logical did not match the correct answer.", "why_it_is_wrong": "The question uses negation or exception wording, which is easy to read incorrectly.", "correct_concept": "The correct answer is C. Revisit the main rule or definition for Logical.", "simple_explanation": "Think of Logical as the key idea you need to recognize before answering.", "memory_tip": "Circle words like not, except, least, and false before choosing an answer."}, {"question_id": 6, "question": "In propositional logic, what does the symbol AND represent?", "student_answer": "No answer provided", "correct_answer": "C", "topic": "Logical", "subtopic": "", "classification": "Guessing", "what_student_did_wrong": "The response for Logical did not match the correct answer.", "why_it_is_wrong": "No answer was provided, so there is no reasoning to check.", "correct_concept": "The correct answer is C. Revisit the main rule or definition for Logical.", "simple_explanation": "Think of Logical as the key idea you need to recognize before answering.", "memory_tip": "Eliminate impossible options first, then make the safest choice."}, {"question_id": 10, "question": "Which of the following best describes conjunction (p AND q)?", "student_answer": "C", "correct_answer": "B", "topic": "Logical", "subtopic": "", "classification": "Conceptual Error", "what_student_did_wrong": "The response for Logical did not match the correct answer.", "why_it_is_wrong": "This topic is still weak overall (50.0% correct), so the core idea likely needs revision.", "correct_concept": "The correct answer is B. Revisit the main rule or definition for Logical.", "simple_explanation": "Think of Logical as the key idea you need to recognize before answering.", "memory_tip": "Re-learn the definition first, then solve one easy example."}], "repeated_weakness": {"type": "Topic", "label": "Logical", "count": 5, "message": "Logical is a repeated weak area with 5 wrong answer(s).", "comparison": "Accuracy in Logical is only 50.0%, so the same concept is being missed again.", "extra_attention_note": "Spend extra time on Logical before moving to the next topic."}, "personalized_feedback": "KOWSHIK K completed Test 4 with 50.0% accuracy. KOWSHIK K answered 5 out of 10 questions correctly (50.0%). The main revision focus is Logical.", "improvement_plan": ["**Master Foundational Definitions and Truth Tables:** Dedicate focused study time to precisely learn and memorize the definitions of core logical concepts (e.g., proposition, argument, validity) and the exact truth conditions for all basic logical operators (AND, OR, NOT, IF-THEN, IF AND ONLY IF) using truth tables. Practice applying these definitions to various examples.", "**Create a Conceptual Map of Logic Branches:** Develop a clear conceptual map or outline that distinguishes between different branches of logic (e.g., formal logic, informal logic, propositional logic, predicate logic), detailing their specific characteristics, applications, and the types of reasoning they address. This will help clarify their scope and interrelationships.", "**Practice Deliberate and Timed Problem Solving:** Engage in practice problems with a focus on deliberate, careful reading of questions and options, rather than speed. After answering, take a moment to review the chosen answer against the question's requirements. For questions answered very quickly, specifically re-evaluate the reasoning to ensure accuracy and not just intuition."], "practice_questions": [{"topic": "Logical", "subtopic": "", "difficulty": "Easy", "question": "What is the core idea of Logical?", "hint": "Start with the definition of Logical and connect it to one simple example."}], "strengths": ["There are still a few stable areas, but they are not strong enough to highlight yet."], "weaknesses": ["Logical needs more practice because 5 question(s) were missed."], "recommendations": ["Spend extra time on Logical before moving to the next topic.", "Revisit Logical and solve 3 easy practice questions."], "mastery_summary": "KOWSHIK K answered 5 out of 10 questions correctly (50.0%). The main revision focus is Logical.", "conceptual_patterns": ["{'WHAT': 'The student demonstrates a lack of precise understanding of fundamental logical definitions and the exact truth conditions for basic logical operators. They often confuse general concepts with specific logical definitions or misapply truth rules, indicating a weak grasp of the foundational building blocks of logic.', 'WHY': 'This is a common error because logical terms often have specific, technical meanings that differ from their everyday usage. Students may rely on intuition or common sense rather than the rigorous definitions required in logic. Additionally, the abstract nature of truth tables and formal definitions can be challenging to internalize without sufficient practice and conceptual clarity, leading to errors in identifying propositions or understanding conjunctions.', 'EVIDENCE': \"Q1 (misunderstanding the foundational analogy of logic), Q4 (misidentifying a proposition), Q6 (blank answer for a basic symbol), Q10 (incorrect truth condition for conjunction, believing 'AND' is 'always false').\"}", "{'WHAT': 'The student struggles to differentiate between distinct branches and methodologies within logic. This indicates a fuzzy understanding of the scope, focus, and characteristics of various logical systems, leading to confusion between formal and informal approaches.', 'WHY': 'Logic is a broad field with many sub-disciplines, and students new to the subject may not have developed a clear conceptual framework to categorize and differentiate these branches. They might conflate the goals and methods of, for instance, symbolic logic (like predicate logic) with those of critical thinking or everyday reasoning (informal logic), especially when the terminology is new and interconnected.', 'EVIDENCE': 'Q2 (confusing informal logic, which focuses on everyday reasoning in natural language, with predicate logic, which is a formal system).'}"], "behavior_patterns": ["**Rushed Responses / Lack of Engagement:** The student answered several questions (Q2, Q4, Q10) in 0-2 seconds and left one question (Q6) blank, suggesting either guessing, extreme speed without careful consideration, or a complete lack of knowledge for certain fundamental concepts.", "**Inconsistent Performance on Fundamental Concepts:** The student struggles with very basic concepts like the definition of a proposition (Q4) and the truth conditions for a conjunction (Q10), indicating a weak and inconsistent grasp of core logical principles rather than just minor misunderstandings.", "**Tendency to Select Plausible but Incorrect Options:** In questions like Q1 and Q2, the student selected options that are related to logic or reasoning but are not the precise or correct answer according to the text or definition, suggesting a partial understanding or guessing among options that sound somewhat related."], "comprehensive_analysis": ["Performance Summary: 5/10 correct (50.0%).", "Topic Analysis: No strong topic yet.", "Weak Topics: Logical.", "Repeated Weakness: Logical"], "predicted_performance": {"risk_level": "medium", "focus_topics": ["Logical"], "expected_next_step": "Revise weak topics before attempting mixed practice."}}, "created_at": "2026-04-06T12:47:13.023Z", "updated_at": "2026-04-06T12:47:26.494Z"}}, {"model": "tracker.notification", "pk": 1, "fields": {"student": 12, "recipient_role": "student", "type": "ai_warning", "subject": "Internet", "message": "Your performance in Internet has been gradually decreasing across the last three tests (52% -> 48% -> 40%). Please revise this subject.", "event_key": "ai_warning:mark:40:student:12:subject:internet:pattern:gradual_decline", "read_status": true, "created_at": "2026-03-14T05:24:22.074Z", "details": {"pattern": "gradual_decline", "latest_score": 40, "previous_score": 48, "overall_avg": 54, "subject_avg": 47}}}, {"model": "tracker.notification", "pk": 2, "fields": {"student": 12, "recipient_role": "teacher", "type": "teacher_alert", "subject": "Internet", "message": "Student Hex has not improved in Internet despite previous performance warning (40% -> 36%).", "event_key": "teacher_alert:mark:41:student:12:subject:internet", "read_status": false, "created_at": "2026-03-14T05:33:31.832Z", "details": {"pattern": "no_improvement_after_warning", "latest_score": 36, "previous_score": 40}}}, {"model": "tracker.notification", "pk": 3, "fields": {"student": 12, "recipient_role": "student", "type": "ai_warning", "subject": "Internet", "message": "Your performance in Internet has been gradually decreasing across the last three tests (48% -> 40% -> 36%). Please revise this subject.", "event_key": "ai_warning:mark:41:student:12:subject:internet:pattern:gradual_decline", "read_status": false, "created_at": "2026-03-14T05:33:31.849Z", "details": {"pattern": "gradual_decline", "latest_score": 36, "previous_score": 40, "overall_avg": 51, "subject_avg": 44}}}, {"model": "tracker.notification", "pk": 4, "fields": {"student": 12, "recipient_role": "student", "type": "test", "subject": "Protocals", "message": "New test scheduled: Protocals - Test 1 on 2026-03-14. Start preparing early.", "event_key": "test_schedule:test:3:student:12", "read_status": false, "created_at": "2026-03-14T06:42:05.069Z", "details": {"test_name": "Test 1", "subject": "Protocals", "date": "2026-03-14", "total_marks": 50}}}, {"model": "tracker.notification", "pk": 5, "fields": {"student": 9, "recipient_role": "student", "type": "test", "subject": "Elcetric Machines", "message": "New test scheduled: Elcetric Machines - test 1 on 2026-03-30. Start preparing early.", "event_key": "test_schedule:test:3:student:9", "read_status": false, "created_at": "2026-03-30T07:30:09.414Z", "details": {"test_name": "test 1", "subject": "Elcetric Machines", "date": "2026-03-30", "total_marks": 1}}}, {"model": "tracker.notification", "pk": 6, "fields": {"student": 13, "recipient_role": "student", "type": "test", "subject": "Elcetric Machines", "message": "New test scheduled: Elcetric Machines - test 1 on 2026-03-30. Start preparing early.", "event_key": "test_schedule:test:3:student:13", "read_status": false, "created_at": "2026-03-30T07:30:09.421Z", "details": {"test_name": "test 1", "subject": "Elcetric Machines", "date": "2026-03-30", "total_marks": 1}}}, {"model": "tracker.notification", "pk": 7, "fields": {"student": 9, "recipient_role": "student", "type": "test", "subject": "Elcetric Machines", "message": "New test scheduled: Elcetric Machines - test 1 on 2026-03-30. Start preparing early.", "event_key": "test_schedule:test:4:student:9", "read_status": false, "created_at": "2026-03-30T07:43:05.928Z", "details": {"test_name": "test 1", "subject": "Elcetric Machines", "date": "2026-03-30", "total_marks": 1}}}, {"model": "tracker.notification", "pk": 8, "fields": {"student": 13, "recipient_role": "student", "type": "test", "subject": "Elcetric Machines", "message": "New test scheduled: Elcetric Machines - test 1 on 2026-03-30. Start preparing early.", "event_key": "test_schedule:test:4:student:13", "read_status": false, "created_at": "2026-03-30T07:43:05.933Z", "details": {"test_name": "test 1", "subject": "Elcetric Machines", "date": "2026-03-30", "total_marks": 1}}}, {"model": "tracker.notification", "pk": 9, "fields": {"student": 9, "recipient_role": "student", "type": "test", "subject": "Elcetric Machines", "message": "New test scheduled: Elcetric Machines - test 2 on 2026-03-30. Start preparing early.", "event_key": "test_schedule:test:5:student:9", "read_status": false, "created_at": "2026-03-30T09:00:55.467Z", "details": {"test_name": "test 2", "subject": "Elcetric Machines", "date": "2026-03-30", "total_marks": 1}}}, {"model": "tracker.notification", "pk": 10, "fields": {"student": 13, "recipient_role": "student", "type": "test", "subject": "Elcetric Machines", "message": "New test scheduled: Elcetric Machines - test 2 on 2026-03-30. Start preparing early.", "event_key": "test_schedule:test:5:student:13", "read_status": false, "created_at": "2026-03-30T09:00:55.476Z", "details": {"test_name": "test 2", "subject": "Elcetric Machines", "date": "2026-03-30", "total_marks": 1}}}, {"model": "tracker.notification", "pk": 11, "fields": {"student": 9, "recipient_role": "student", "type": "test", "subject": "Circuits", "message": "New test scheduled: Circuits - test on 2026-03-30. Start preparing early.", "event_key": "test_schedule:test:6:student:9", "read_status": false, "created_at": "2026-03-30T09:09:31.070Z", "details": {"test_name": "test", "subject": "Circuits", "date": "2026-03-30", "total_marks": 1}}}, {"model": "tracker.notification", "pk": 12, "fields": {"student": 13, "recipient_role": "student", "type": "test", "subject": "Circuits", "message": "New test scheduled: Circuits - test on 2026-03-30. Start preparing early.", "event_key": "test_schedule:test:6:student:13", "read_status": false, "created_at": "2026-03-30T09:09:31.081Z", "details": {"test_name": "test", "subject": "Circuits", "date": "2026-03-30", "total_marks": 1}}}, {"model": "tracker.notification", "pk": 13, "fields": {"student": 9, "recipient_role": "student", "type": "test", "subject": "Circuits", "message": "New test scheduled: Circuits - test 1 on 2026-03-30. Start preparing early.", "event_key": "test_schedule:test:7:student:9", "read_status": false, "created_at": "2026-03-30T09:14:44.784Z", "details": {"test_name": "test 1", "subject": "Circuits", "date": "2026-03-30", "total_marks": 3}}}, {"model": "tracker.notification", "pk": 14, "fields": {"student": 13, "recipient_role": "student", "type": "test", "subject": "Circuits", "message": "New test scheduled: Circuits - test 1 on 2026-03-30. Start preparing early.", "event_key": "test_schedule:test:7:student:13", "read_status": false, "created_at": "2026-03-30T09:14:44.793Z", "details": {"test_name": "test 1", "subject": "Circuits", "date": "2026-03-30", "total_marks": 3}}}, {"model": "tracker.notification", "pk": 15, "fields": {"student": 9, "recipient_role": "student", "type": "test", "subject": "Circuits", "message": "New test scheduled: Circuits - test on 2026-03-30. Start preparing early.", "event_key": "test_schedule:test:8:student:9", "read_status": false, "created_at": "2026-03-30T09:16:01.673Z", "details": {"test_name": "test", "subject": "Circuits", "date": "2026-03-30", "total_marks": 2}}}, {"model": "tracker.notification", "pk": 16, "fields": {"student": 13, "recipient_role": "student", "type": "test", "subject": "Circuits", "message": "New test scheduled: Circuits - test on 2026-03-30. Start preparing early.", "event_key": "test_schedule:test:8:student:13", "read_status": false, "created_at": "2026-03-30T09:16:01.681Z", "details": {"test_name": "test", "subject": "Circuits", "date": "2026-03-30", "total_marks": 2}}}, {"model": "tracker.notification", "pk": 17, "fields": {"student": 9, "recipient_role": "student", "type": "test", "subject": "Circuits", "message": "New test scheduled: Circuits - Test 1 on 2026-03-30. Start preparing early.", "event_key": "test_schedule:test:1:student:9", "read_status": false, "created_at": "2026-03-30T10:38:30.888Z", "details": {"test_name": "Test 1", "subject": "Circuits", "date": "2026-03-30", "total_marks": 2}}}, {"model": "tracker.notification", "pk": 18, "fields": {"student": 13, "recipient_role": "student", "type": "test", "subject": "Circuits", "message": "New test scheduled: Circuits - Test 1 on 2026-03-30. Start preparing early.", "event_key": "test_schedule:test:1:student:13", "read_status": false, "created_at": "2026-03-30T10:38:30.896Z", "details": {"test_name": "Test 1", "subject": "Circuits", "date": "2026-03-30", "total_marks": 2}}}, {"model": "tracker.notification", "pk": 19, "fields": {"student": 8, "recipient_role": "student", "type": "test", "subject": "Logical", "message": "New test scheduled: Logical - Test 1 on 2026-03-30. Start preparing early.", "event_key": "test_schedule:test:2:student:8", "read_status": true, "created_at": "2026-03-30T11:44:21.307Z", "details": {"test_name": "Test 1", "subject": "Logical", "date": "2026-03-30", "total_marks": 5}}}, {"model": "tracker.notification", "pk": 20, "fields": {"student": 8, "recipient_role": "student", "type": "test", "subject": "Logical", "message": "New test scheduled: Logical - Test 2 on 2026-03-31. Start preparing early.", "event_key": "test_schedule:test:3:student:8", "read_status": true, "created_at": "2026-03-31T03:09:47.836Z", "details": {"test_name": "Test 2", "subject": "Logical", "date": "2026-03-31", "total_marks": 10}}}, {"model": "tracker.notification", "pk": 21, "fields": {"student": 8, "recipient_role": "student", "type": "test", "subject": "Logical", "message": "New test scheduled: Logical - Test 2 on 2026-03-31. Start preparing early.", "event_key": "test_schedule:test:4:student:8", "read_status": true, "created_at": "2026-03-31T03:17:43.372Z", "details": {"test_name": "Test 2", "subject": "Logical", "date": "2026-03-31", "total_marks": 10}}}, {"model": "tracker.notification", "pk": 22, "fields": {"student": 8, "recipient_role": "student", "type": "ai_warning", "subject": "Logical", "message": "Your Logical score dropped significantly in the latest test (100% -> 50%). Please review your preparation.", "event_key": "ai_warning:mark:3:student:8:subject:logical:pattern:sudden_drop", "read_status": true, "created_at": "2026-03-31T03:34:33.831Z", "details": {"pattern": "sudden_drop", "latest_score": 50, "previous_score": 100, "overall_avg": 75, "subject_avg": 75}}}, {"model": "tracker.notification", "pk": 23, "fields": {"student": 8, "recipient_role": "student", "type": "test", "subject": "Logical", "message": "New test scheduled: Logical - test 3 on 2026-03-31. Start preparing early.", "event_key": "test_schedule:test:5:student:8", "read_status": true, "created_at": "2026-03-31T04:52:19.585Z", "details": {"test_name": "test 3", "subject": "Logical", "date": "2026-03-31", "total_marks": 5}}}, {"model": "tracker.notification", "pk": 24, "fields": {"student": 8, "recipient_role": "student", "type": "test", "subject": "Logical", "message": "New test scheduled: Logical - Test 3 on 2026-03-31. Start preparing early.", "event_key": "test_schedule:test:6:student:8", "read_status": true, "created_at": "2026-03-31T05:45:34.772Z", "details": {"test_name": "Test 3", "subject": "Logical", "date": "2026-03-31", "total_marks": 5}}}, {"model": "tracker.notification", "pk": 25, "fields": {"student": 8, "recipient_role": "teacher", "type": "teacher_alert", "subject": "Logical", "message": "Student MAX has not improved in Logical despite previous performance warning (100% -> 100%).", "event_key": "teacher_alert:mark:5:student:8:subject:logical", "read_status": false, "created_at": "2026-03-31T05:55:12.705Z", "details": {"pattern": "no_improvement_after_warning", "latest_score": 100, "previous_score": 100}}}, {"model": "tracker.notification", "pk": 26, "fields": {"student": 8, "recipient_role": "student", "type": "test", "subject": "Logical", "message": "New test scheduled: Logical - test 4 on 2026-03-31. Start preparing early.", "event_key": "test_schedule:test:7:student:8", "read_status": true, "created_at": "2026-03-31T07:09:09.381Z", "details": {"test_name": "test 4", "subject": "Logical", "date": "2026-03-31", "total_marks": 4}}}, {"model": "tracker.notification", "pk": 27, "fields": {"student": 8, "recipient_role": "teacher", "type": "teacher_alert", "subject": "Logical", "message": "Student MAX has not improved in Logical despite previous performance warning (100% -> 0%).", "event_key": "teacher_alert:mark:6:student:8:subject:logical", "read_status": false, "created_at": "2026-03-31T07:13:11.118Z", "details": {"pattern": "no_improvement_after_warning", "latest_score": 0, "previous_score": 100}}}, {"model": "tracker.notification", "pk": 28, "fields": {"student": 8, "recipient_role": "student", "type": "ai_warning", "subject": "Logical", "message": "Your Logical score dropped significantly in the latest test (100% -> 0%). Please review your preparation.", "event_key": "ai_warning:mark:6:student:8:subject:logical:pattern:sudden_drop", "read_status": true, "created_at": "2026-03-31T07:13:11.125Z", "details": {"pattern": "sudden_drop", "latest_score": 0, "previous_score": 100, "overall_avg": 70, "subject_avg": 70}}}, {"model": "tracker.notification", "pk": 29, "fields": {"student": 8, "recipient_role": "student", "type": "test", "subject": "Logical", "message": "New test scheduled: Logical - Test 5 on 2026-03-31. Start preparing early.", "event_key": "test_schedule:test:8:student:8", "read_status": true, "created_at": "2026-03-31T07:16:03.407Z", "details": {"test_name": "Test 5", "subject": "Logical", "date": "2026-03-31", "total_marks": 5}}}, {"model": "tracker.notification", "pk": 30, "fields": {"student": 8, "recipient_role": "student", "type": "test", "subject": "Logical", "message": "New test scheduled: Logical - Test 5 on 2026-03-31. Start preparing early.", "event_key": "test_schedule:test:9:student:8", "read_status": true, "created_at": "2026-03-31T08:21:26.053Z", "details": {"test_name": "Test 5", "subject": "Logical", "date": "2026-03-31", "total_marks": 5}}}, {"model": "tracker.notification", "pk": 31, "fields": {"student": 8, "recipient_role": "student", "type": "test", "subject": "Internet", "message": "New test scheduled: Internet - Test 1 on 2026-03-31. Start preparing early.", "event_key": "test_schedule:test:10:student:8", "read_status": true, "created_at": "2026-03-31T08:31:55.555Z", "details": {"test_name": "Test 1", "subject": "Internet", "date": "2026-03-31", "total_marks": 5}}}, {"model": "tracker.notification", "pk": 32, "fields": {"student": 8, "recipient_role": "student", "type": "test", "subject": "Internet", "message": "New test scheduled: Internet - Test 2 on 2026-03-31. Start preparing early.", "event_key": "test_schedule:test:11:student:8", "read_status": true, "created_at": "2026-03-31T08:34:04.742Z", "details": {"test_name": "Test 2", "subject": "Internet", "date": "2026-03-31", "total_marks": 5}}}, {"model": "tracker.notification", "pk": 33, "fields": {"student": 8, "recipient_role": "student", "type": "test", "subject": "Internet", "message": "New test scheduled: Internet - Test 3 on 2026-03-31. Start preparing early.", "event_key": "test_schedule:test:12:student:8", "read_status": true, "created_at": "2026-03-31T15:05:58.151Z", "details": {"test_name": "Test 3", "subject": "Internet", "date": "2026-03-31", "total_marks": 5}}}, {"model": "tracker.notification", "pk": 34, "fields": {"student": 8, "recipient_role": "student", "type": "test", "subject": "Internet", "message": "New test scheduled: Internet - Test 2 on 2026-03-31. Start preparing early.", "event_key": "test_schedule:test:13:student:8", "read_status": true, "created_at": "2026-03-31T16:04:10.957Z", "details": {"test_name": "Test 2", "subject": "Internet", "date": "2026-03-31", "total_marks": 5}}}, {"model": "tracker.notification", "pk": 35, "fields": {"student": 8, "recipient_role": "student", "type": "test", "subject": "Internet", "message": "New test scheduled: Internet - Test 2 on 2026-03-31. Start preparing early.", "event_key": "test_schedule:test:14:student:8", "read_status": true, "created_at": "2026-03-31T16:25:34.330Z", "details": {"test_name": "Test 2", "subject": "Internet", "date": "2026-03-31", "total_marks": 6}}}, {"model": "tracker.notification", "pk": 36, "fields": {"student": 8, "recipient_role": "student", "type": "test", "subject": "Internet", "message": "New test scheduled: Internet - Test 2 on 2026-03-31. Start preparing early.", "event_key": "test_schedule:test:15:student:8", "read_status": true, "created_at": "2026-03-31T16:27:41.706Z", "details": {"test_name": "Test 2", "subject": "Internet", "date": "2026-03-31", "total_marks": 1}}}, {"model": "tracker.notification", "pk": 37, "fields": {"student": 8, "recipient_role": "student", "type": "test", "subject": "Internet", "message": "New test scheduled: Internet - Test 3 on 2026-03-31. Start preparing early.", "event_key": "test_schedule:test:16:student:8", "read_status": true, "created_at": "2026-03-31T16:28:21.447Z", "details": {"test_name": "Test 3", "subject": "Internet", "date": "2026-03-31", "total_marks": 1}}}, {"model": "tracker.notification", "pk": 38, "fields": {"student": 8, "recipient_role": "student", "type": "test", "subject": "Internet", "message": "New test scheduled: Internet - Test 2 on 2026-03-31. Start preparing early.", "event_key": "test_schedule:test:17:student:8", "read_status": true, "created_at": "2026-03-31T16:53:12.384Z", "details": {"test_name": "Test 2", "subject": "Internet", "date": "2026-03-31", "total_marks": 1}}}, {"model": "tracker.notification", "pk": 39, "fields": {"student": 8, "recipient_role": "student", "type": "test", "subject": "Protocols", "message": "New test scheduled: Protocols - Test 1 on 2026-04-01. Start preparing early.", "event_key": "test_schedule:test:18:student:8", "read_status": true, "created_at": "2026-03-31T17:08:54.648Z", "details": {"test_name": "Test 1", "subject": "Protocols", "date": "2026-04-01", "total_marks": 1}}}, {"model": "tracker.notification", "pk": 40, "fields": {"student": 8, "recipient_role": "student", "type": "test", "subject": "Internet", "message": "New test scheduled: Internet - Test 2 on 2026-03-31. Start preparing early.", "event_key": "test_schedule:test:19:student:8", "read_status": true, "created_at": "2026-03-31T17:09:44.212Z", "details": {"test_name": "Test 2", "subject": "Internet", "date": "2026-03-31", "total_marks": 1}}}, {"model": "tracker.notification", "pk": 41, "fields": {"student": 8, "recipient_role": "student", "type": "test", "subject": "Logical", "message": "New test scheduled: Logical - Test 6 on 2026-03-31. Start preparing early.", "event_key": "test_schedule:test:20:student:8", "read_status": true, "created_at": "2026-03-31T17:10:51.495Z", "details": {"test_name": "Test 6", "subject": "Logical", "date": "2026-03-31", "total_marks": 1}}}, {"model": "tracker.notification", "pk": 42, "fields": {"student": 8, "recipient_role": "student", "type": "test", "subject": "Internet", "message": "New test scheduled: Internet - Test 1 on 2026-03-31. Start preparing early.", "event_key": "test_schedule:test:21:student:8", "read_status": true, "created_at": "2026-03-31T17:12:17.099Z", "details": {"test_name": "Test 1", "subject": "Internet", "date": "2026-03-31", "total_marks": 1}}}, {"model": "tracker.notification", "pk": 43, "fields": {"student": 8, "recipient_role": "teacher", "type": "teacher_alert", "subject": "Logical", "message": "Student MAX has not improved in Logical despite previous performance warning (100% -> 0%).", "event_key": "teacher_alert:mark:9:student:8:subject:logical", "read_status": false, "created_at": "2026-03-31T17:12:54.081Z", "details": {"pattern": "no_improvement_after_warning", "latest_score": 0, "previous_score": 100}}}, {"model": "tracker.notification", "pk": 44, "fields": {"student": 8, "recipient_role": "student", "type": "ai_warning", "subject": "Logical", "message": "Your Logical score dropped significantly in the latest test (100% -> 0%). Please review your preparation.", "event_key": "ai_warning:mark:9:student:8:subject:logical:pattern:sudden_drop", "read_status": true, "created_at": "2026-03-31T17:12:54.092Z", "details": {"pattern": "sudden_drop", "latest_score": 0, "previous_score": 100, "overall_avg": 56, "subject_avg": 64}}}, {"model": "tracker.notification", "pk": 45, "fields": {"student": 8, "recipient_role": "student", "type": "test", "subject": "Machine Learning", "message": "New test scheduled: Machine Learning - Test 1 on 2026-03-31. Start preparing early.", "event_key": "test_schedule:test:22:student:8", "read_status": true, "created_at": "2026-03-31T17:13:51.929Z", "details": {"test_name": "Test 1", "subject": "Machine Learning", "date": "2026-03-31", "total_marks": 1}}}, {"model": "tracker.notification", "pk": 46, "fields": {"student": 8, "recipient_role": "student", "type": "test", "subject": "Internet", "message": "New test scheduled: Internet - Test 3 on 2026-04-01. Start preparing early.", "event_key": "test_schedule:test:23:student:8", "read_status": true, "created_at": "2026-04-01T00:25:05.530Z", "details": {"test_name": "Test 3", "subject": "Internet", "date": "2026-04-01", "total_marks": 1}}}, {"model": "tracker.notification", "pk": 47, "fields": {"student": 8, "recipient_role": "student", "type": "test", "subject": "Machine Learning", "message": "New test scheduled: Machine Learning - Test 1 on 2026-04-01. Start preparing early.", "event_key": "test_schedule:test:24:student:8", "read_status": true, "created_at": "2026-04-01T00:26:19.772Z", "details": {"test_name": "Test 1", "subject": "Machine Learning", "date": "2026-04-01", "total_marks": 1}}}, {"model": "tracker.notification", "pk": 48, "fields": {"student": 9, "recipient_role": "student", "type": "test", "subject": "Logical", "message": "New test scheduled: Logical - Test 1 on 2026-04-05. Start preparing early.", "event_key": "test_schedule:test:25:student:9", "read_status": false, "created_at": "2026-04-05T09:38:35.612Z", "details": {"test_name": "Test 1", "subject": "Logical", "date": "2026-04-05", "total_marks": 5}}}, {"model": "tracker.notification", "pk": 49, "fields": {"student": 13, "recipient_role": "student", "type": "test", "subject": "Logical", "message": "New test scheduled: Logical - Test 1 on 2026-04-05. Start preparing early.", "event_key": "test_schedule:test:25:student:13", "read_status": false, "created_at": "2026-04-05T09:38:35.619Z", "details": {"test_name": "Test 1", "subject": "Logical", "date": "2026-04-05", "total_marks": 5}}}, {"model": "tracker.notification", "pk": 50, "fields": {"student": 15, "recipient_role": "student", "type": "test", "subject": "Logical", "message": "New test scheduled: Logical - Test 1 on 2026-04-05. Start preparing early.", "event_key": "test_schedule:test:25:student:15", "read_status": false, "created_at": "2026-04-05T09:38:35.625Z", "details": {"test_name": "Test 1", "subject": "Logical", "date": "2026-04-05", "total_marks": 5}}}, {"model": "tracker.notification", "pk": 51, "fields": {"student": 9, "recipient_role": "student", "type": "test", "subject": "Logical", "message": "New test scheduled: Logical - Test 2 on 2026-04-05. Start preparing early.", "event_key": "test_schedule:test:26:student:9", "read_status": false, "created_at": "2026-04-05T10:01:03.965Z", "details": {"test_name": "Test 2", "subject": "Logical", "date": "2026-04-05", "total_marks": 2}}}, {"model": "tracker.notification", "pk": 52, "fields": {"student": 13, "recipient_role": "student", "type": "test", "subject": "Logical", "message": "New test scheduled: Logical - Test 2 on 2026-04-05. Start preparing early.", "event_key": "test_schedule:test:26:student:13", "read_status": false, "created_at": "2026-04-05T10:01:03.973Z", "details": {"test_name": "Test 2", "subject": "Logical", "date": "2026-04-05", "total_marks": 2}}}, {"model": "tracker.notification", "pk": 53, "fields": {"student": 15, "recipient_role": "student", "type": "test", "subject": "Logical", "message": "New test scheduled: Logical - Test 2 on 2026-04-05. Start preparing early.", "event_key": "test_schedule:test:26:student:15", "read_status": false, "created_at": "2026-04-05T10:01:03.980Z", "details": {"test_name": "Test 2", "subject": "Logical", "date": "2026-04-05", "total_marks": 2}}}, {"model": "tracker.notification", "pk": 54, "fields": {"student": 9, "recipient_role": "student", "type": "test", "subject": "Os", "message": "New test scheduled: Os - Test 1 on 2026-04-05. Start preparing early.", "event_key": "test_schedule:test:27:student:9", "read_status": false, "created_at": "2026-04-05T10:12:58.523Z", "details": {"test_name": "Test 1", "subject": "Os", "date": "2026-04-05", "total_marks": 3}}}, {"model": "tracker.notification", "pk": 55, "fields": {"student": 13, "recipient_role": "student", "type": "test", "subject": "Os", "message": "New test scheduled: Os - Test 1 on 2026-04-05. Start preparing early.", "event_key": "test_schedule:test:27:student:13", "read_status": false, "created_at": "2026-04-05T10:12:58.542Z", "details": {"test_name": "Test 1", "subject": "Os", "date": "2026-04-05", "total_marks": 3}}}, {"model": "tracker.notification", "pk": 56, "fields": {"student": 15, "recipient_role": "student", "type": "test", "subject": "Os", "message": "New test scheduled: Os - Test 1 on 2026-04-05. Start preparing early.", "event_key": "test_schedule:test:27:student:15", "read_status": false, "created_at": "2026-04-05T10:12:58.552Z", "details": {"test_name": "Test 1", "subject": "Os", "date": "2026-04-05", "total_marks": 3}}}, {"model": "tracker.notification", "pk": 57, "fields": {"student": 9, "recipient_role": "student", "type": "test", "subject": "Logical", "message": "New test scheduled: Logical - Test 3 on 2026-04-05. Start preparing early.", "event_key": "test_schedule:test:28:student:9", "read_status": false, "created_at": "2026-04-05T10:44:43.120Z", "details": {"test_name": "Test 3", "subject": "Logical", "date": "2026-04-05", "total_marks": 5}}}, {"model": "tracker.notification", "pk": 58, "fields": {"student": 13, "recipient_role": "student", "type": "test", "subject": "Logical", "message": "New test scheduled: Logical - Test 3 on 2026-04-05. Start preparing early.", "event_key": "test_schedule:test:28:student:13", "read_status": false, "created_at": "2026-04-05T10:44:43.129Z", "details": {"test_name": "Test 3", "subject": "Logical", "date": "2026-04-05", "total_marks": 5}}}, {"model": "tracker.notification", "pk": 59, "fields": {"student": 15, "recipient_role": "student", "type": "test", "subject": "Logical", "message": "New test scheduled: Logical - Test 3 on 2026-04-05. Start preparing early.", "event_key": "test_schedule:test:28:student:15", "read_status": false, "created_at": "2026-04-05T10:44:43.137Z", "details": {"test_name": "Test 3", "subject": "Logical", "date": "2026-04-05", "total_marks": 5}}}, {"model": "tracker.notification", "pk": 60, "fields": {"student": 15, "recipient_role": "student", "type": "ai_warning", "subject": "Logical", "message": "Your Logical score dropped significantly in the latest test (100% -> 80%). Please review your preparation.", "event_key": "ai_warning:mark:17:student:15:subject:logical:pattern:sudden_drop", "read_status": false, "created_at": "2026-04-05T10:54:10.317Z", "details": {"pattern": "sudden_drop", "latest_score": 80, "previous_score": 100, "overall_avg": 72, "subject_avg": 73}}}, {"model": "tracker.notification", "pk": 61, "fields": {"student": 9, "recipient_role": "student", "type": "test", "subject": "Logical", "message": "New test scheduled: Logical - Test 4 on 2026-04-05. Start preparing early.", "event_key": "test_schedule:test:29:student:9", "read_status": false, "created_at": "2026-04-05T11:08:05.570Z", "details": {"test_name": "Test 4", "subject": "Logical", "date": "2026-04-05", "total_marks": 3}}}, {"model": "tracker.notification", "pk": 62, "fields": {"student": 13, "recipient_role": "student", "type": "test", "subject": "Logical", "message": "New test scheduled: Logical - Test 4 on 2026-04-05. Start preparing early.", "event_key": "test_schedule:test:29:student:13", "read_status": false, "created_at": "2026-04-05T11:08:05.580Z", "details": {"test_name": "Test 4", "subject": "Logical", "date": "2026-04-05", "total_marks": 3}}}, {"model": "tracker.notification", "pk": 63, "fields": {"student": 15, "recipient_role": "student", "type": "test", "subject": "Logical", "message": "New test scheduled: Logical - Test 4 on 2026-04-05. Start preparing early.", "event_key": "test_schedule:test:29:student:15", "read_status": false, "created_at": "2026-04-05T11:08:05.589Z", "details": {"test_name": "Test 4", "subject": "Logical", "date": "2026-04-05", "total_marks": 3}}}, {"model": "tracker.notification", "pk": 64, "fields": {"student": 15, "recipient_role": "teacher", "type": "teacher_alert", "subject": "Logical", "message": "Student KOWSHIK K has not improved in Logical despite previous performance warning (80% -> 0%).", "event_key": "teacher_alert:mark:18:student:15:subject:logical", "read_status": false, "created_at": "2026-04-05T11:16:09.722Z", "details": {"pattern": "no_improvement_after_warning", "latest_score": 0, "previous_score": 80}}}, {"model": "tracker.notification", "pk": 65, "fields": {"student": 15, "recipient_role": "student", "type": "ai_warning", "subject": "Logical", "message": "Your Logical score dropped significantly in the latest test (80% -> 0%). Please review your preparation.", "event_key": "ai_warning:mark:18:student:15:subject:logical:pattern:sudden_drop", "read_status": false, "created_at": "2026-04-05T11:16:09.730Z", "details": {"pattern": "sudden_drop", "latest_score": 0, "previous_score": 80, "overall_avg": 57, "subject_avg": 55}}}, {"model": "tracker.notification", "pk": 66, "fields": {"student": 9, "recipient_role": "student", "type": "test", "subject": "Logical", "message": "New test scheduled: Logical - Test 5 on 2026-04-05. Start preparing early.", "event_key": "test_schedule:test:30:student:9", "read_status": false, "created_at": "2026-04-05T15:40:52.835Z", "details": {"test_name": "Test 5", "subject": "Logical", "date": "2026-04-05", "total_marks": 4}}}, {"model": "tracker.notification", "pk": 67, "fields": {"student": 13, "recipient_role": "student", "type": "test", "subject": "Logical", "message": "New test scheduled: Logical - Test 5 on 2026-04-05. Start preparing early.", "event_key": "test_schedule:test:30:student:13", "read_status": false, "created_at": "2026-04-05T15:40:52.844Z", "details": {"test_name": "Test 5", "subject": "Logical", "date": "2026-04-05", "total_marks": 4}}}, {"model": "tracker.notification", "pk": 68, "fields": {"student": 15, "recipient_role": "student", "type": "test", "subject": "Logical", "message": "New test scheduled: Logical - Test 5 on 2026-04-05. Start preparing early.", "event_key": "test_schedule:test:30:student:15", "read_status": false, "created_at": "2026-04-05T15:40:52.851Z", "details": {"test_name": "Test 5", "subject": "Logical", "date": "2026-04-05", "total_marks": 4}}}, {"model": "tracker.notification", "pk": 69, "fields": {"student": 9, "recipient_role": "student", "type": "ai_warning", "subject": "Logical", "message": "Your Logical score dropped significantly in the latest test (100% -> 25%). Please review your preparation.", "event_key": "ai_warning:mark:20:student:9:subject:logical:pattern:sudden_drop", "read_status": false, "created_at": "2026-04-05T15:49:07.630Z", "details": {"pattern": "sudden_drop", "latest_score": 25, "previous_score": 100, "overall_avg": 76, "subject_avg": 76}}}, {"model": "tracker.notification", "pk": 70, "fields": {"student": 9, "recipient_role": "student", "type": "test", "subject": "Logical", "message": "New test scheduled: Logical - Test 1 on 2026-04-06. Start preparing early.", "event_key": "test_schedule:test:31:student:9", "read_status": false, "created_at": "2026-04-06T00:10:06.089Z", "details": {"test_name": "Test 1", "subject": "Logical", "date": "2026-04-06", "total_marks": 3}}}, {"model": "tracker.notification", "pk": 71, "fields": {"student": 13, "recipient_role": "student", "type": "test", "subject": "Logical", "message": "New test scheduled: Logical - Test 1 on 2026-04-06. Start preparing early.", "event_key": "test_schedule:test:31:student:13", "read_status": false, "created_at": "2026-04-06T00:10:06.098Z", "details": {"test_name": "Test 1", "subject": "Logical", "date": "2026-04-06", "total_marks": 3}}}, {"model": "tracker.notification", "pk": 72, "fields": {"student": 15, "recipient_role": "student", "type": "test", "subject": "Logical", "message": "New test scheduled: Logical - Test 1 on 2026-04-06. Start preparing early.", "event_key": "test_schedule:test:31:student:15", "read_status": false, "created_at": "2026-04-06T00:10:06.106Z", "details": {"test_name": "Test 1", "subject": "Logical", "date": "2026-04-06", "total_marks": 3}}}, {"model": "tracker.notification", "pk": 73, "fields": {"student": 15, "recipient_role": "teacher", "type": "teacher_alert", "subject": "Logical", "message": "Student KOWSHIK K has not improved in Logical despite previous performance warning (100% -> 67%).", "event_key": "teacher_alert:mark:21:student:15:subject:logical", "read_status": false, "created_at": "2026-04-06T00:14:25.168Z", "details": {"pattern": "no_improvement_after_warning", "latest_score": 67, "previous_score": 100}}}, {"model": "tracker.notification", "pk": 74, "fields": {"student": 15, "recipient_role": "student", "type": "ai_warning", "subject": "Logical", "message": "Your Logical score dropped significantly in the latest test (100% -> 67%). Please review your preparation.", "event_key": "ai_warning:mark:21:student:15:subject:logical:pattern:sudden_drop", "read_status": false, "created_at": "2026-04-06T00:14:25.178Z", "details": {"pattern": "sudden_drop", "latest_score": 67, "previous_score": 100, "overall_avg": 62, "subject_avg": 62}}}, {"model": "tracker.notification", "pk": 75, "fields": {"student": 9, "recipient_role": "student", "type": "test", "subject": "Logical", "message": "New test scheduled: Logical - Test 2 on 2026-04-06. Start preparing early.", "event_key": "test_schedule:test:32:student:9", "read_status": false, "created_at": "2026-04-06T05:50:28.515Z", "details": {"test_name": "Test 2", "subject": "Logical", "date": "2026-04-06", "total_marks": 2}}}, {"model": "tracker.notification", "pk": 76, "fields": {"student": 13, "recipient_role": "student", "type": "test", "subject": "Logical", "message": "New test scheduled: Logical - Test 2 on 2026-04-06. Start preparing early.", "event_key": "test_schedule:test:32:student:13", "read_status": false, "created_at": "2026-04-06T05:50:28.523Z", "details": {"test_name": "Test 2", "subject": "Logical", "date": "2026-04-06", "total_marks": 2}}}, {"model": "tracker.notification", "pk": 77, "fields": {"student": 15, "recipient_role": "student", "type": "test", "subject": "Logical", "message": "New test scheduled: Logical - Test 2 on 2026-04-06. Start preparing early.", "event_key": "test_schedule:test:32:student:15", "read_status": false, "created_at": "2026-04-06T05:50:28.531Z", "details": {"test_name": "Test 2", "subject": "Logical", "date": "2026-04-06", "total_marks": 2}}}, {"model": "tracker.notification", "pk": 78, "fields": {"student": 9, "recipient_role": "student", "type": "test", "subject": "Logical", "message": "New test scheduled: Logical - Test 3 on 2026-04-06. Start preparing early.", "event_key": "test_schedule:test:33:student:9", "read_status": false, "created_at": "2026-04-06T05:58:37.225Z", "details": {"test_name": "Test 3", "subject": "Logical", "date": "2026-04-06", "total_marks": 10}}}, {"model": "tracker.notification", "pk": 79, "fields": {"student": 13, "recipient_role": "student", "type": "test", "subject": "Logical", "message": "New test scheduled: Logical - Test 3 on 2026-04-06. Start preparing early.", "event_key": "test_schedule:test:33:student:13", "read_status": false, "created_at": "2026-04-06T05:58:37.230Z", "details": {"test_name": "Test 3", "subject": "Logical", "date": "2026-04-06", "total_marks": 10}}}, {"model": "tracker.notification", "pk": 80, "fields": {"student": 15, "recipient_role": "student", "type": "test", "subject": "Logical", "message": "New test scheduled: Logical - Test 3 on 2026-04-06. Start preparing early.", "event_key": "test_schedule:test:33:student:15", "read_status": false, "created_at": "2026-04-06T05:58:37.235Z", "details": {"test_name": "Test 3", "subject": "Logical", "date": "2026-04-06", "total_marks": 10}}}, {"model": "tracker.notification", "pk": 81, "fields": {"student": 9, "recipient_role": "student", "type": "test", "subject": "Logical", "message": "New test scheduled: Logical - Test 6 on 2026-04-06. Start preparing early.", "event_key": "test_schedule:test:34:student:9", "read_status": false, "created_at": "2026-04-06T06:33:44.441Z", "details": {"test_name": "Test 6", "subject": "Logical", "date": "2026-04-06", "total_marks": 10}}}, {"model": "tracker.notification", "pk": 82, "fields": {"student": 13, "recipient_role": "student", "type": "test", "subject": "Logical", "message": "New test scheduled: Logical - Test 6 on 2026-04-06. Start preparing early.", "event_key": "test_schedule:test:34:student:13", "read_status": false, "created_at": "2026-04-06T06:33:44.446Z", "details": {"test_name": "Test 6", "subject": "Logical", "date": "2026-04-06", "total_marks": 10}}}, {"model": "tracker.notification", "pk": 83, "fields": {"student": 15, "recipient_role": "student", "type": "test", "subject": "Logical", "message": "New test scheduled: Logical - Test 6 on 2026-04-06. Start preparing early.", "event_key": "test_schedule:test:34:student:15", "read_status": false, "created_at": "2026-04-06T06:33:44.451Z", "details": {"test_name": "Test 6", "subject": "Logical", "date": "2026-04-06", "total_marks": 10}}}, {"model": "tracker.notification", "pk": 84, "fields": {"student": 9, "recipient_role": "student", "type": "test", "subject": "Logical", "message": "New test scheduled: Logical - Test  6 on 2026-04-06. Start preparing early.", "event_key": "test_schedule:test:35:student:9", "read_status": false, "created_at": "2026-04-06T06:50:21.479Z", "details": {"test_name": "Test  6", "subject": "Logical", "date": "2026-04-06", "total_marks": 9}}}, {"model": "tracker.notification", "pk": 85, "fields": {"student": 13, "recipient_role": "student", "type": "test", "subject": "Logical", "message": "New test scheduled: Logical - Test  6 on 2026-04-06. Start preparing early.", "event_key": "test_schedule:test:35:student:13", "read_status": false, "created_at": "2026-04-06T06:50:21.486Z", "details": {"test_name": "Test  6", "subject": "Logical", "date": "2026-04-06", "total_marks": 9}}}, {"model": "tracker.notification", "pk": 86, "fields": {"student": 15, "recipient_role": "student", "type": "test", "subject": "Logical", "message": "New test scheduled: Logical - Test  6 on 2026-04-06. Start preparing early.", "event_key": "test_schedule:test:35:student:15", "read_status": false, "created_at": "2026-04-06T06:50:21.492Z", "details": {"test_name": "Test  6", "subject": "Logical", "date": "2026-04-06", "total_marks": 9}}}, {"model": "tracker.notification", "pk": 87, "fields": {"student": 9, "recipient_role": "student", "type": "test", "subject": "Logical", "message": "New test scheduled: Logical - Test 6 on 2026-04-06. Start preparing early.", "event_key": "test_schedule:test:36:student:9", "read_status": false, "created_at": "2026-04-06T07:56:48.061Z", "details": {"test_name": "Test 6", "subject": "Logical", "date": "2026-04-06", "total_marks": 10}}}, {"model": "tracker.notification", "pk": 88, "fields": {"student": 13, "recipient_role": "student", "type": "test", "subject": "Logical", "message": "New test scheduled: Logical - Test 6 on 2026-04-06. Start preparing early.", "event_key": "test_schedule:test:36:student:13", "read_status": false, "created_at": "2026-04-06T07:56:48.068Z", "details": {"test_name": "Test 6", "subject": "Logical", "date": "2026-04-06", "total_marks": 10}}}, {"model": "tracker.notification", "pk": 89, "fields": {"student": 15, "recipient_role": "student", "type": "test", "subject": "Logical", "message": "New test scheduled: Logical - Test 6 on 2026-04-06. Start preparing early.", "event_key": "test_schedule:test:36:student:15", "read_status": false, "created_at": "2026-04-06T07:56:48.076Z", "details": {"test_name": "Test 6", "subject": "Logical", "date": "2026-04-06", "total_marks": 10}}}, {"model": "tracker.notification", "pk": 90, "fields": {"student": 15, "recipient_role": "teacher", "type": "teacher_alert", "subject": "Logical", "message": "Student KOWSHIK K has not improved in Logical despite previous performance warning (100% -> 70%).", "event_key": "teacher_alert:mark:23:student:15:subject:logical", "read_status": false, "created_at": "2026-04-06T08:03:41.926Z", "details": {"pattern": "no_improvement_after_warning", "latest_score": 70, "previous_score": 100}}}, {"model": "tracker.notification", "pk": 91, "fields": {"student": 15, "recipient_role": "student", "type": "ai_warning", "subject": "Logical", "message": "Your Logical score dropped significantly in the latest test (100% -> 70%). Please review your preparation.", "event_key": "ai_warning:mark:23:student:15:subject:logical:pattern:sudden_drop", "read_status": false, "created_at": "2026-04-06T08:03:41.935Z", "details": {"pattern": "sudden_drop", "latest_score": 70, "previous_score": 100, "overall_avg": 70, "subject_avg": 70}}}, {"model": "tracker.notification", "pk": 92, "fields": {"student": 9, "recipient_role": "student", "type": "test", "subject": "Logical", "message": "New test scheduled: Logical - Test 1 on 2026-04-06. Start preparing early.", "event_key": "test_schedule:test:37:student:9", "read_status": false, "created_at": "2026-04-06T08:31:33.700Z", "details": {"test_name": "Test 1", "subject": "Logical", "date": "2026-04-06", "total_marks": 10}}}, {"model": "tracker.notification", "pk": 93, "fields": {"student": 13, "recipient_role": "student", "type": "test", "subject": "Logical", "message": "New test scheduled: Logical - Test 1 on 2026-04-06. Start preparing early.", "event_key": "test_schedule:test:37:student:13", "read_status": false, "created_at": "2026-04-06T08:31:33.708Z", "details": {"test_name": "Test 1", "subject": "Logical", "date": "2026-04-06", "total_marks": 10}}}, {"model": "tracker.notification", "pk": 94, "fields": {"student": 15, "recipient_role": "student", "type": "test", "subject": "Logical", "message": "New test scheduled: Logical - Test 1 on 2026-04-06. Start preparing early.", "event_key": "test_schedule:test:37:student:15", "read_status": false, "created_at": "2026-04-06T08:31:33.716Z", "details": {"test_name": "Test 1", "subject": "Logical", "date": "2026-04-06", "total_marks": 10}}}, {"model": "tracker.notification", "pk": 95, "fields": {"student": 9, "recipient_role": "student", "type": "test", "subject": "Internet", "message": "New test scheduled: Internet - Test 1 on 2026-04-06. Start preparing early.", "event_key": "test_schedule:test:38:student:9", "read_status": false, "created_at": "2026-04-06T09:05:40.353Z", "details": {"test_name": "Test 1", "subject": "Internet", "date": "2026-04-06", "total_marks": 1}}}, {"model": "tracker.notification", "pk": 96, "fields": {"student": 13, "recipient_role": "student", "type": "test", "subject": "Internet", "message": "New test scheduled: Internet - Test 1 on 2026-04-06. Start preparing early.", "event_key": "test_schedule:test:38:student:13", "read_status": false, "created_at": "2026-04-06T09:05:40.363Z", "details": {"test_name": "Test 1", "subject": "Internet", "date": "2026-04-06", "total_marks": 1}}}, {"model": "tracker.notification", "pk": 97, "fields": {"student": 15, "recipient_role": "student", "type": "test", "subject": "Internet", "message": "New test scheduled: Internet - Test 1 on 2026-04-06. Start preparing early.", "event_key": "test_schedule:test:38:student:15", "read_status": false, "created_at": "2026-04-06T09:05:40.371Z", "details": {"test_name": "Test 1", "subject": "Internet", "date": "2026-04-06", "total_marks": 1}}}, {"model": "tracker.notification", "pk": 98, "fields": {"student": 9, "recipient_role": "student", "type": "test", "subject": "Internet", "message": "New test scheduled: Internet - Test 1 on 2026-04-06. Start preparing early.", "event_key": "test_schedule:test:39:student:9", "read_status": false, "created_at": "2026-04-06T09:29:44.818Z", "details": {"test_name": "Test 1", "subject": "Internet", "date": "2026-04-06", "total_marks": 1}}}, {"model": "tracker.notification", "pk": 99, "fields": {"student": 13, "recipient_role": "student", "type": "test", "subject": "Internet", "message": "New test scheduled: Internet - Test 1 on 2026-04-06. Start preparing early.", "event_key": "test_schedule:test:39:student:13", "read_status": false, "created_at": "2026-04-06T09:29:44.828Z", "details": {"test_name": "Test 1", "subject": "Internet", "date": "2026-04-06", "total_marks": 1}}}, {"model": "tracker.notification", "pk": 100, "fields": {"student": 15, "recipient_role": "student", "type": "test", "subject": "Internet", "message": "New test scheduled: Internet - Test 1 on 2026-04-06. Start preparing early.", "event_key": "test_schedule:test:39:student:15", "read_status": false, "created_at": "2026-04-06T09:29:44.838Z", "details": {"test_name": "Test 1", "subject": "Internet", "date": "2026-04-06", "total_marks": 1}}}, {"model": "tracker.notification", "pk": 101, "fields": {"student": 9, "recipient_role": "student", "type": "test", "subject": "Logical", "message": "New test scheduled: Logical - Test 1 on 2026-04-06. Start preparing early.", "event_key": "test_schedule:test:40:student:9", "read_status": false, "created_at": "2026-04-06T10:34:53.150Z", "details": {"test_name": "Test 1", "subject": "Logical", "date": "2026-04-06", "total_marks": 2}}}, {"model": "tracker.notification", "pk": 102, "fields": {"student": 13, "recipient_role": "student", "type": "test", "subject": "Logical", "message": "New test scheduled: Logical - Test 1 on 2026-04-06. Start preparing early.", "event_key": "test_schedule:test:40:student:13", "read_status": false, "created_at": "2026-04-06T10:34:53.160Z", "details": {"test_name": "Test 1", "subject": "Logical", "date": "2026-04-06", "total_marks": 2}}}, {"model": "tracker.notification", "pk": 103, "fields": {"student": 15, "recipient_role": "student", "type": "test", "subject": "Logical", "message": "New test scheduled: Logical - Test 1 on 2026-04-06. Start preparing early.", "event_key": "test_schedule:test:40:student:15", "read_status": false, "created_at": "2026-04-06T10:34:53.167Z", "details": {"test_name": "Test 1", "subject": "Logical", "date": "2026-04-06", "total_marks": 2}}}, {"model": "tracker.notification", "pk": 104, "fields": {"student": 9, "recipient_role": "student", "type": "test", "subject": "Logical", "message": "New test scheduled: Logical - Test 3 on 2026-04-07. Start preparing early.", "event_key": "test_schedule:test:41:student:9", "read_status": false, "created_at": "2026-04-06T10:44:40.931Z", "details": {"test_name": "Test 3", "subject": "Logical", "date": "2026-04-07", "total_marks": 2}}}, {"model": "tracker.notification", "pk": 105, "fields": {"student": 13, "recipient_role": "student", "type": "test", "subject": "Logical", "message": "New test scheduled: Logical - Test 3 on 2026-04-07. Start preparing early.", "event_key": "test_schedule:test:41:student:13", "read_status": false, "created_at": "2026-04-06T10:44:40.941Z", "details": {"test_name": "Test 3", "subject": "Logical", "date": "2026-04-07", "total_marks": 2}}}, {"model": "tracker.notification", "pk": 106, "fields": {"student": 15, "recipient_role": "student", "type": "test", "subject": "Logical", "message": "New test scheduled: Logical - Test 3 on 2026-04-07. Start preparing early.", "event_key": "test_schedule:test:41:student:15", "read_status": false, "created_at": "2026-04-06T10:44:40.949Z", "details": {"test_name": "Test 3", "subject": "Logical", "date": "2026-04-07", "total_marks": 2}}}, {"model": "tracker.notification", "pk": 107, "fields": {"student": 9, "recipient_role": "student", "type": "test", "subject": "Logical", "message": "New test scheduled: Logical - Test 2 on 2026-04-06. Start preparing early.", "event_key": "test_schedule:test:42:student:9", "read_status": false, "created_at": "2026-04-06T10:46:32.093Z", "details": {"test_name": "Test 2", "subject": "Logical", "date": "2026-04-06", "total_marks": 10}}}, {"model": "tracker.notification", "pk": 108, "fields": {"student": 13, "recipient_role": "student", "type": "test", "subject": "Logical", "message": "New test scheduled: Logical - Test 2 on 2026-04-06. Start preparing early.", "event_key": "test_schedule:test:42:student:13", "read_status": false, "created_at": "2026-04-06T10:46:32.101Z", "details": {"test_name": "Test 2", "subject": "Logical", "date": "2026-04-06", "total_marks": 10}}}, {"model": "tracker.notification", "pk": 109, "fields": {"student": 15, "recipient_role": "student", "type": "test", "subject": "Logical", "message": "New test scheduled: Logical - Test 2 on 2026-04-06. Start preparing early.", "event_key": "test_schedule:test:42:student:15", "read_status": false, "created_at": "2026-04-06T10:46:32.109Z", "details": {"test_name": "Test 2", "subject": "Logical", "date": "2026-04-06", "total_marks": 10}}}, {"model": "tracker.notification", "pk": 110, "fields": {"student": 9, "recipient_role": "student", "type": "test", "subject": "Logical", "message": "New test scheduled: Logical - Test 4 on 2026-04-06. Start preparing early.", "event_key": "test_schedule:test:43:student:9", "read_status": false, "created_at": "2026-04-06T12:40:07.146Z", "details": {"test_name": "Test 4", "subject": "Logical", "date": "2026-04-06", "total_marks": 10}}}, {"model": "tracker.notification", "pk": 111, "fields": {"student": 13, "recipient_role": "student", "type": "test", "subject": "Logical", "message": "New test scheduled: Logical - Test 4 on 2026-04-06. Start preparing early.", "event_key": "test_schedule:test:43:student:13", "read_status": false, "created_at": "2026-04-06T12:40:07.155Z", "details": {"test_name": "Test 4", "subject": "Logical", "date": "2026-04-06", "total_marks": 10}}}, {"model": "tracker.notification", "pk": 112, "fields": {"student": 15, "recipient_role": "student", "type": "test", "subject": "Logical", "message": "New test scheduled: Logical - Test 4 on 2026-04-06. Start preparing early.", "event_key": "test_schedule:test:43:student:15", "read_status": false, "created_at": "2026-04-06T12:40:07.163Z", "details": {"test_name": "Test 4", "subject": "Logical", "date": "2026-04-06", "total_marks": 10}}}, {"model": "tracker.notification", "pk": 113, "fields": {"student": 15, "recipient_role": "teacher", "type": "teacher_alert", "subject": "Logical", "message": "Student KOWSHIK K has not improved in Logical despite previous performance warning (70% -> 50%).", "event_key": "teacher_alert:mark:25:student:15:subject:logical", "read_status": false, "created_at": "2026-04-06T12:47:13.060Z", "details": {"pattern": "no_improvement_after_warning", "latest_score": 50, "previous_score": 70}}}, {"model": "tracker.notification", "pk": 114, "fields": {"student": 15, "recipient_role": "student", "type": "ai_warning", "subject": "Logical", "message": "Your Logical score dropped significantly in the latest test (70% -> 50%). Please review your preparation.", "event_key": "ai_warning:mark:25:student:15:subject:logical:pattern:sudden_drop", "read_status": false, "created_at": "2026-04-06T12:47:13.070Z", "details": {"pattern": "sudden_drop", "latest_score": 50, "previous_score": 70, "overall_avg": 52, "subject_avg": 60}}}, {"model": "tracker.admincredential", "pk": 1, "fields": {"username": "admin", "password": "pbkdf2_sha256$1200000$TX0E9mrEk5362ORqQOtjey$/oQDVqLLX3F5jgBU/cdEOq4kDCzBi39dnEK+Li9/RB4=", "created_at": "2026-03-14T16:35:43.918Z", "updated_at": "2026-03-14T16:35:43.918Z"}}, {"model": "tracker.teachercredential", "pk": 1, "fields": {"teacher_name": "Rajkumar", "username": "raj@gmail.com", "password": "pbkdf2_sha256$1200000$cLaeugVml8TFmzY4JjLKyO$Z5ig5Fe7tLIGYO8pWRMktlQFDp1bypVUEocAQQt5kHU=", "assigned_class": "", "status": "rejected", "created_at": "2026-03-14T16:36:45.646Z", "updated_at": "2026-03-30T06:06:35.766Z"}}, {"model": "tracker.teachercredential", "pk": 2, "fields": {"teacher_name": "teacher", "username": "teacher@gmail.com", "password": "pbkdf2_sha256$1200000$Du5DqDDOeGcf0KLC5DkqY7$7ltYzzbefCvk4HDWl1uzp6X+zmmcXbdYV0e1WvdDrJk=", "assigned_class": "Computer Science", "status": "approved", "created_at": "2026-03-30T05:36:53.922Z", "updated_at": "2026-03-30T06:07:23.507Z"}}, {"model": "tracker.teachercredential", "pk": 3, "fields": {"teacher_name": "Test Teacher", "username": "testteacher@gmail.com", "password": "pbkdf2_sha256$1200000$Yx9LY6KBkhQyj1c5rAQK3M$gTOrA2uK0s6mq8z/yKRxHdSIHr92wVfChPyCxTzc6Aw=", "assigned_class": "Civil", "status": "approved", "created_at": "2026-03-30T06:44:50.522Z", "updated_at": "2026-03-30T06:44:50.523Z"}}, {"model": "tracker.teachercredential", "pk": 4, "fields": {"teacher_name": "Electric", "username": "electric@gmail.com", "password": "pbkdf2_sha256$1200000$yD0hlgxyJZVyiuHOj77pK3$Kdslv9RdrHX4kyNlIEvsIs1WeMu78r6SGPuJW/B0JOs=", "assigned_class": "Electrical", "status": "approved", "created_at": "2026-03-30T06:55:15.718Z", "updated_at": "2026-03-30T06:55:29.098Z"}}]
